Timestamp,brake_input,camera_location,camera_rotation,current_gear_input,focus_actor_dist,focus_actor_name,focus_actor_pt,frame,frame_number,frameSequence,combinedEyeLocalForward_X,combinedEyeLocalForward_Y,combinedEyeLocalForward_Z,combinedEyeLocalOrigin_X,combinedEyeLocalOrigin_Y,combinedEyeLocalOrigin_Z,isCombinedEyeGazeRayValid,gaze_vergence,handbrake_input,leftEyeOpenness,leftEyeOpennessReadSuccess,leftEyeLocalForward_X,leftEyeLocalForward_Y,leftEyeLocalForward_Z,leftEyeLocalOrigin_X,leftEyeLocalOrigin_Y,leftEyeLocalOrigin_Z,isLeftEyeGazeRayValid,leftEyePupilDiameter,leftEyePupilPosition_X,leftEyePupilPosition_Y,left_pupil_posn_valid,rightEyeOpenness,rightEyeOpennessReadSuccess,rightEyeLocalForward_X,rightEyeLocalForward_Y,rightEyeLocalForward_Z,rightEyeLocalOrigin_X,rightEyeLocalOrigin_Y,rightEyeLocalOrigin_Z,isRightEyeGazeRayValid,rightEyePupilDiameter,rightEyePupilPosition_X,rightEyePupilPosition_Y,right_pupil_posn_valid,steering_input,throttle_input,systemTimestamp(ms),timestamp_carla,deviceTimestamp(ms),timestamp_stream,transform
1733924989103,0.0,[0. 0. 0.],[0. 0. 0.],False,10826.2119140625,TreePine_497,[8339.9921875  9146.21191406 1108.56628418],12,12,37456,1.0,0.0,0.0,0.0,0.0,0.0,False,0.0,False,0.0,False,1.0,0.0,0.0,0.0,0.0,0.0,False,-1.0,0.0,0.0,False,0.0,False,1.0,0.0,0.0,0.0,0.0,0.0,False,-1.0,0.0,0.0,False,-0.00937500037252903,0.012500000186264515,5.556596010923386,5556,2171837,5.556596010923386,"[array([8.64315033e+01, 1.79559372e+02, 1.52546689e-01]), array([ 0.        , -0.02073671,  0.        ])]"
1733924989193,0.0,[0. 0. 0.],[0. 0. 0.],False,10823.98046875,TreePine_497,[8337.76953125 9146.20996094 1107.22424316],13,13,37459,1.0,0.0,0.0,0.0,0.0,0.0,False,0.0,False,0.0,False,1.0,0.0,0.0,0.0,0.0,0.0,False,-1.0,0.0,0.0,False,0.0,False,1.0,0.0,0.0,0.0,0.0,0.0,False,-1.0,0.0,0.0,False,-0.00937500037252903,0.012500000186264515,5.606596011668444,5606,2171862,5.606596011668444,"[array([8.64315033e+01, 1.79559372e+02, 9.20701995e-02]), array([ 0.        , -0.02073671,  0.        ])]"
1733924989205,0.0,[0. 0. 0.],[0. 0. 0.],False,10816.982421875,TreePine_497,[8330.796875   9146.20117188 1103.01647949],14,14,37468,1.0,0.0,0.0,0.0,0.0,0.0,False,0.0,False,0.0,False,1.0,0.0,0.0,0.0,0.0,0.0,False,-1.0,0.0,0.0,False,0.0,False,1.0,0.0,0.0,0.0,0.0,0.0,False,-1.0,0.0,0.0,False,-0.00937500037252903,0.015625,5.656596012413502,5656,2171937,5.656596012413502,"[array([8.64315033e+01, 1.79559372e+02, 7.09342957e-03]), array([ 0.        , -0.02073671,  0.        ])]"
1733924989251,0.0,[0. 0. 0.],[0. 0. 0.],False,10802.9091796875,TreePine_497,[8316.77734375 9146.18554688 1095.74230957],15,15,37473,1.0,0.0,0.0,0.0,0.0,0.0,False,0.0,False,0.0,False,1.0,0.0,0.0,0.0,0.0,0.0,False,-1.0,0.0,0.0,False,0.0,False,1.0,0.0,0.0,0.0,0.0,0.0,False,-1.0,0.0,0.0,False,-0.00937500037252903,0.015625,5.70659601315856,5706,2171978,5.70659601315856,"[array([ 8.64315033e+01,  1.79559372e+02, -1.02382928e-01]), array([ 0.        , -0.02073671,  0.        ])]"
1733924989737,0.0,[0. 0. 0.],[0. 0. 0.],False,43912.63671875,Landscape_0,[41300.48828125  9183.93066406  3972.94677734],16,16,37528,1.0,0.0,0.0,0.0,0.0,0.0,False,0.0,False,0.0,False,1.0,0.0,0.0,0.0,0.0,0.0,False,-1.0,0.0,0.0,False,0.0,False,1.0,0.0,0.0,0.0,0.0,0.0,False,-1.0,0.0,0.0,False,-0.00937500037252903,0.012500000186264515,5.756596013903618,5756,2172436,5.756596013903618,"[array([ 86.4315033 , 179.55937195,  -0.23568645]), array([ 0.        , -0.02073671,  0.        ])]"
1733924989786,0.0,[0. 0. 0.],[0. 0. 0.],False,43900.32421875,Landscape_0,[41288.22265625  9183.91699219  3960.92578125],17,17,37534,1.0,0.0,0.0,0.0,0.0,0.0,False,0.0,False,0.0,False,1.0,0.0,0.0,0.0,0.0,0.0,False,-1.0,0.0,0.0,False,0.0,False,1.0,0.0,0.0,0.0,0.0,0.0,False,-1.0,0.0,0.0,False,-0.00937500037252903,0.015625,5.806596014648676,5806,2172486,5.806596014648676,"[array([ 86.4315033 , 179.55937195,  -0.32102111]), array([ 0.        , -0.02073671,  0.        ])]"
1733924989836,0.0,[0. 0. 0.],[0. 0. 0.],False,43885.3359375,Landscape_0,[41273.29296875  9183.89941406  3946.28930664],18,18,37540,1.0,0.0,0.0,0.0,0.0,0.0,False,0.0,False,0.0,False,1.0,0.0,0.0,0.0,0.0,0.0,False,-1.0,0.0,0.0,False,0.0,False,1.0,0.0,0.0,0.0,0.0,0.0,False,-1.0,0.0,0.0,False,-0.007499993313103914,0.012500000186264515,5.856596015393734,5856,2172536,5.856596015393734,"[array([ 86.4315033 , 179.55937195,  -0.35156089]), array([ 0.        , -0.02073671,  0.        ])]"
1733924989888,0.0,[0. 0. 0.],[0. 0. 0.],False,43875.73828125,Landscape_0,[41263.73046875  9183.88867188  3936.91943359],19,19,37546,1.0,0.0,0.0,0.0,0.0,0.0,False,0.0,False,0.0,False,1.0,0.0,0.0,0.0,0.0,0.0,False,-1.0,0.0,0.0,False,0.0,False,1.0,0.0,0.0,0.0,0.0,0.0,False,-1.0,0.0,0.0,False,-0.00937500037252903,0.015625,5.906596016138792,5906,2172586,5.906596016138792,"[array([ 86.4315033 , 179.55937195,  -0.35623485]), array([ 0.        , -0.02073671,  0.        ])]"
1733924989938,0.0,[0. 0. 0.],[0. 0. 0.],False,43872.3046875,Landscape_0,[41260.30859375  9183.88476562  3933.56591797],20,20,37552,1.0,0.0,0.0,0.0,0.0,0.0,False,0.0,False,0.0,False,1.0,0.0,0.0,0.0,0.0,0.0,False,-1.0,0.0,0.0,False,0.0,False,1.0,0.0,0.0,0.0,0.0,0.0,False,-1.0,0.0,0.0,False,-0.00937500037252903,0.012500000186264515,5.95659601688385,5956,2172636,5.95659601688385,"[array([ 86.4315033 , 179.55937195,  -0.35005054]), array([ 0.        , -0.02073671,  0.        ])]"
1733924989989,0.0,[0. 0. 0.],[0. 0. 0.],False,43871.7734375,Landscape_0,[41259.78125     9183.88476562  3933.05224609],21,21,37558,1.0,0.0,0.0,0.0,0.0,0.0,False,0.0,False,0.0,False,1.0,0.0,0.0,0.0,0.0,0.0,False,-1.0,0.0,0.0,False,0.0,False,1.0,0.0,0.0,0.0,0.0,0.0,False,-1.0,0.0,0.0,False,-0.00937500037252903,0.012500000186264515,6.006596017628908,6006,2172686,6.006596017628908,"[array([ 86.4315033 , 179.55937195,  -0.34043673]), array([ 0.        , -0.02073671,  0.        ])]"
1733924990040,0.0,[0. 0. 0.],[0. 0. 0.],False,43872.4765625,Landscape_0,[41260.48046875  9183.88476562  3933.73193359],22,22,37564,1.0,0.0,0.0,0.0,0.0,0.0,False,0.0,False,0.0,False,1.0,0.0,0.0,0.0,0.0,0.0,False,-1.0,0.0,0.0,False,0.0,False,1.0,0.0,0.0,0.0,0.0,0.0,False,-1.0,0.0,0.0,False,-0.007499993313103914,0.012500000186264515,6.056596018373966,6056,2172736,6.056596018373966,"[array([ 86.4315033 , 179.55937195,  -0.33080262]), array([ 0.        , -0.02073671,  0.        ])]"
1733924990091,0.0,[0. 0. 0.],[0. 0. 0.],False,43873.5546875,Landscape_0,[41261.5546875   9183.88671875  3934.78735352],23,23,37570,1.0,0.0,0.0,0.0,0.0,0.0,False,0.0,False,0.0,False,1.0,0.0,0.0,0.0,0.0,0.0,False,-1.0,0.0,0.0,False,0.0,False,1.0,0.0,0.0,0.0,0.0,0.0,False,-1.0,0.0,0.0,False,-0.00937500037252903,0.015625,6.106596019119024,6106,2172786,6.106596019119024,"[array([ 86.4315033 , 179.55937195,  -0.32249567]), array([ 0.        , -0.02073671,  0.        ])]"
1733924990142,0.003508772002533078,[0. 0. 0.],[0. 0. 0.],False,43874.63671875,Landscape_0,[41262.6328125   9183.88769531  3935.8449707 ],24,24,37576,1.0,0.0,0.0,0.0,0.0,0.0,False,0.0,False,0.0,False,1.0,0.0,0.0,0.0,0.0,0.0,False,-1.0,0.0,0.0,False,0.0,False,1.0,0.0,0.0,0.0,0.0,0.0,False,-1.0,0.0,0.0,False,-0.00937500037252903,0.012500000186264515,6.156596019864082,6156,2172836,6.156596019864082,"[array([ 86.4315033 , 179.55937195,  -0.31586501]), array([ 0.        , -0.02073671,  0.        ])]"
1733924990161,0.0,[0. 0. 0.],[0. 0. 0.],False,43875.57421875,Landscape_0,[41263.5703125   9183.88867188  3936.75756836],25,25,37582,1.0,0.0,0.0,0.0,0.0,0.0,False,0.0,False,0.0,False,1.0,0.0,0.0,0.0,0.0,0.0,False,-1.0,0.0,0.0,False,0.0,False,1.0,0.0,0.0,0.0,0.0,0.0,False,-1.0,0.0,0.0,False,-0.00937500037252903,0.015625,6.20659602060914,6206,2172886,6.20659602060914,"[array([ 86.4315033 , 179.55937195,  -0.31081486]), array([ 0.        , -0.02073671,  0.        ])]"
1733924990246,0.0,[0. 0. 0.],[0. 0. 0.],False,43876.31640625,Landscape_0,[41264.30859375  9183.88964844  3937.48535156],26,26,37589,1.0,0.0,0.0,0.0,0.0,0.0,False,0.0,False,0.0,False,1.0,0.0,0.0,0.0,0.0,0.0,False,-1.0,0.0,0.0,False,0.0,False,1.0,0.0,0.0,0.0,0.0,0.0,False,-1.0,0.0,0.0,False,-0.00937500037252903,0.015625,6.2565960213541985,6256,2172945,6.2565960213541985,"[array([ 86.4315033 , 179.55937195,  -0.30708939]), array([ 0.        , -0.02073671,  0.        ])]"
1733924990296,0.0,[0. 0. 0.],[0. 0. 0.],False,43876.88671875,Landscape_0,[41264.875       9183.890625    3938.04003906],27,27,37595,1.0,0.0,0.0,0.0,0.0,0.0,False,0.0,False,0.0,False,1.0,0.0,0.0,0.0,0.0,0.0,False,-1.0,0.0,0.0,False,0.0,False,1.0,0.0,0.0,0.0,0.0,0.0,False,-1.0,0.0,0.0,False,-0.00937500037252903,0.015625,6.3065960220992565,6306,2172995,6.3065960220992565,"[array([ 86.4315033 , 179.55937195,  -0.3044028 ]), array([ 0.        , -0.02073671,  0.        ])]"
1733924990345,0.003508772002533078,[0. 0. 0.],[0. 0. 0.],False,43877.3046875,Landscape_0,[41265.2890625   9183.890625    3938.44897461],28,28,37601,1.0,0.0,0.0,0.0,0.0,0.0,False,0.0,False,0.0,False,1.0,0.0,0.0,0.0,0.0,0.0,False,-1.0,0.0,0.0,False,0.0,False,1.0,0.0,0.0,0.0,0.0,0.0,False,-1.0,0.0,0.0,False,-0.00937500037252903,0.015625,6.356596022844315,6356,2173045,6.356596022844315,"[array([ 86.4315033 , 179.55937195,  -0.30249941]), array([ 0.        , -0.02073671,  0.        ])]"
1733924990395,0.0,[0. 0. 0.],[0. 0. 0.],False,43877.609375,Landscape_0,[41265.59375     9183.890625    3938.74414062],29,29,37607,1.0,0.0,0.0,0.0,0.0,0.0,False,0.0,False,0.0,False,1.0,0.0,0.0,0.0,0.0,0.0,False,-1.0,0.0,0.0,False,0.0,False,1.0,0.0,0.0,0.0,0.0,0.0,False,-1.0,0.0,0.0,False,0.0,0.012500000186264515,6.406596023589373,6406,2173095,6.406596023589373,"[array([ 86.4315033 , 179.55937195,  -0.30116856]), array([ 0.        , -0.02073671,  0.        ])]"
1733924990448,0.0,[0. 0. 0.],[0. 0. 0.],False,43877.8203125,Landscape_0,[41265.8046875   9183.89160156  3938.95288086],30,30,37613,1.0,0.0,0.0,0.0,0.0,0.0,False,0.0,False,0.0,False,1.0,0.0,0.0,0.0,0.0,0.0,False,-1.0,0.0,0.0,False,0.0,False,1.0,0.0,0.0,0.0,0.0,0.0,False,-1.0,0.0,0.0,False,-0.00937500037252903,0.015625,6.456596024334431,6456,2173145,6.456596024334431,"[array([ 86.4315033 , 179.55937195,  -0.30024874]), array([ 0.        , -0.02073671,  0.        ])]"
1733924990498,0.0,[0. 0. 0.],[0. 0. 0.],False,43877.96875,Landscape_0,[41265.953125    9183.89160156  3939.09887695],31,31,37619,1.0,0.0,0.0,0.0,0.0,0.0,False,0.0,False,0.0,False,1.0,0.0,0.0,0.0,0.0,0.0,False,-1.0,0.0,0.0,False,0.0,False,1.0,0.0,0.0,0.0,0.0,0.0,False,-1.0,0.0,0.0,False,-0.00937500037252903,0.0062500000931322575,6.506596025079489,6506,2173195,6.506596025079489,"[array([ 86.4315033 , 179.55937195,  -0.29961824]), array([ 0.        , -0.02073671,  0.        ])]"
1733924990549,0.0,[0. 0. 0.],[0. 0. 0.],False,43878.07421875,Landscape_0,[41266.05859375  9183.89160156  3939.19995117],32,32,37625,1.0,0.0,0.0,0.0,0.0,0.0,False,0.0,False,0.0,False,1.0,0.0,0.0,0.0,0.0,0.0,False,-1.0,0.0,0.0,False,0.0,False,1.0,0.0,0.0,0.0,0.0,0.0,False,-1.0,0.0,0.0,False,-0.00937500037252903,0.012500000186264515,6.556596025824547,6556,2173245,6.556596025824547,"[array([ 86.4315033 , 179.55937195,  -0.29918995]), array([ 0.        , -0.02073671,  0.        ])]"
1733924990598,0.0,[0. 0. 0.],[0. 0. 0.],False,43878.14453125,Landscape_0,[41266.12890625  9183.89160156  3939.26928711],33,33,37631,1.0,0.0,0.0,0.0,0.0,0.0,False,0.0,False,0.0,False,1.0,0.0,0.0,0.0,0.0,0.0,False,-1.0,0.0,0.0,False,0.0,False,1.0,0.0,0.0,0.0,0.0,0.0,False,-1.0,0.0,0.0,False,-0.00937500037252903,0.0062500000931322575,6.606596026569605,6606,2173295,6.606596026569605,"[array([ 86.4315033 , 179.55937195,  -0.29890022]), array([ 0.        , -0.02073671,  0.        ])]"
1733924990649,0.0,[0. 0. 0.],[0. 0. 0.],False,43878.19140625,Landscape_0,[41266.17578125  9183.89160156  3939.31640625],34,34,37637,1.0,0.0,0.0,0.0,0.0,0.0,False,0.0,False,0.0,False,1.0,0.0,0.0,0.0,0.0,0.0,False,-1.0,0.0,0.0,False,0.0,False,1.0,0.0,0.0,0.0,0.0,0.0,False,-1.0,0.0,0.0,False,-0.007499993313103914,0.012500000186264515,6.656596027314663,6656,2173345,6.656596027314663,"[array([ 86.4315033 , 179.55937195,  -0.29870597]), array([ 0.        , -0.02073671,  0.        ])]"
1733924990699,0.0,[0. 0. 0.],[0. 0. 0.],False,43878.2265625,Landscape_0,[41266.2109375   9183.89160156  3939.34814453],35,35,37643,1.0,0.0,0.0,0.0,0.0,0.0,False,0.0,False,0.0,False,1.0,0.0,0.0,0.0,0.0,0.0,False,-1.0,0.0,0.0,False,0.0,False,1.0,0.0,0.0,0.0,0.0,0.0,False,-1.0,0.0,0.0,False,-0.00937500037252903,0.0062500000931322575,6.706596028059721,6706,2173395,6.706596028059721,"[array([ 86.4315033 , 179.55937195,  -0.29857573]), array([ 0.        , -0.02073671,  0.        ])]"
1733924990747,0.0,[0. 0. 0.],[0. 0. 0.],False,43878.24609375,Landscape_0,[41266.23046875  9183.89160156  3939.36938477],36,36,37649,1.0,0.0,0.0,0.0,0.0,0.0,False,0.0,False,0.0,False,1.0,0.0,0.0,0.0,0.0,0.0,False,-1.0,0.0,0.0,False,0.0,False,1.0,0.0,0.0,0.0,0.0,0.0,False,-1.0,0.0,0.0,False,-0.00937500037252903,0.015625,6.756596028804779,6756,2173445,6.756596028804779,"[array([ 86.4315033 , 179.55937195,  -0.29848942]), array([ 0.        , -0.02073671,  0.        ])]"
1733924990797,0.003508772002533078,[0. 0. 0.],[0. 0. 0.],False,43878.26171875,Landscape_0,[41266.2421875   9183.89160156  3939.38354492],37,37,37655,1.0,0.0,0.0,0.0,0.0,0.0,False,0.0,False,0.0,False,1.0,0.0,0.0,0.0,0.0,0.0,False,-1.0,0.0,0.0,False,0.0,False,1.0,0.0,0.0,0.0,0.0,0.0,False,-1.0,0.0,0.0,False,-0.00937500037252903,0.015625,6.806596029549837,6806,2173495,6.806596029549837,"[array([ 86.4315033 , 179.55937195,  -0.29843184]), array([ 0.        , -0.02073671,  0.        ])]"
1733924990848,0.0,[0. 0. 0.],[0. 0. 0.],False,43878.26953125,Landscape_0,[41266.25390625  9183.89160156  3939.39306641],38,38,37661,1.0,0.0,0.0,0.0,0.0,0.0,False,0.0,False,0.0,False,1.0,0.0,0.0,0.0,0.0,0.0,False,-1.0,0.0,0.0,False,0.0,False,1.0,0.0,0.0,0.0,0.0,0.0,False,-1.0,0.0,0.0,False,-0.00937500037252903,0.00937500037252903,6.856596030294895,6856,2173545,6.856596030294895,"[array([ 86.4315033 , 179.55937195,  -0.2983942 ]), array([ 0.        , -0.02073671,  0.        ])]"
1733924990898,0.0,[0. 0. 0.],[0. 0. 0.],False,43878.27734375,Landscape_0,[41266.26171875  9183.89160156  3939.39941406],39,39,37667,1.0,0.0,0.0,0.0,0.0,0.0,False,0.0,False,0.0,False,1.0,0.0,0.0,0.0,0.0,0.0,False,-1.0,0.0,0.0,False,0.0,False,1.0,0.0,0.0,0.0,0.0,0.0,False,-1.0,0.0,0.0,False,-0.00937500037252903,0.015625,6.906596031039953,6906,2173595,6.906596031039953,"[array([ 86.4315033 , 179.55937195,  -0.29836905]), array([ 0.        , -0.02073671,  0.        ])]"
1733924990948,0.0,[0. 0. 0.],[0. 0. 0.],False,43878.28515625,Landscape_0,[41266.265625    9183.89160156  3939.40405273],40,40,37673,1.0,0.0,0.0,0.0,0.0,0.0,False,0.0,False,0.0,False,1.0,0.0,0.0,0.0,0.0,0.0,False,-1.0,0.0,0.0,False,0.0,False,1.0,0.0,0.0,0.0,0.0,0.0,False,-1.0,0.0,0.0,False,-0.00937500037252903,0.015625,6.956596031785011,6956,2173645,6.956596031785011,"[array([ 86.4315033 , 179.55937195,  -0.29835284]), array([ 0.        , -0.02073671,  0.        ])]"
1733924990998,0.003508772002533078,[0. 0. 0.],[0. 0. 0.],False,43878.28515625,Landscape_0,[41266.265625    9183.89160156  3939.40649414],41,41,37679,1.0,0.0,0.0,0.0,0.0,0.0,False,0.0,False,0.0,False,1.0,0.0,0.0,0.0,0.0,0.0,False,-1.0,0.0,0.0,False,0.0,False,1.0,0.0,0.0,0.0,0.0,0.0,False,-1.0,0.0,0.0,False,-0.00937500037252903,0.015625,7.006596032530069,7006,2173695,7.006596032530069,"[array([ 86.4315033 , 179.55937195,  -0.2983419 ]), array([ 0.        , -0.02073671,  0.        ])]"
1733924991047,0.0,[0. 0. 0.],[0. 0. 0.],False,43878.28515625,Landscape_0,[41266.265625    9183.89160156  3939.40820312],42,42,37685,1.0,0.0,0.0,0.0,0.0,0.0,False,0.0,False,0.0,False,1.0,0.0,0.0,0.0,0.0,0.0,False,-1.0,0.0,0.0,False,0.0,False,1.0,0.0,0.0,0.0,0.0,0.0,False,-1.0,0.0,0.0,False,-0.00937500037252903,0.012500000186264515,7.056596033275127,7056,2173745,7.056596033275127,"[array([ 86.4315033 , 179.55937195,  -0.29833513]), array([ 0.        , -0.02073671,  0.        ])]"
1733924991098,0.003508772002533078,[0. 0. 0.],[0. 0. 0.],False,43878.2890625,Landscape_0,[41266.2734375   9183.89160156  3939.40966797],43,43,37691,1.0,0.0,0.0,0.0,0.0,0.0,False,0.0,False,0.0,False,1.0,0.0,0.0,0.0,0.0,0.0,False,-1.0,0.0,0.0,False,0.0,False,1.0,0.0,0.0,0.0,0.0,0.0,False,-1.0,0.0,0.0,False,-0.00937500037252903,0.015625,7.1065960340201855,7106,2173795,7.1065960340201855,"[array([ 86.4315033 , 179.55937195,  -0.29833034]), array([ 0.        , -0.02073671,  0.        ])]"
1733924991148,0.0,[0. 0. 0.],[0. 0. 0.],False,43878.2890625,Landscape_0,[41266.2734375   9183.89160156  3939.41040039],44,44,37697,1.0,0.0,0.0,0.0,0.0,0.0,False,0.0,False,0.0,False,1.0,0.0,0.0,0.0,0.0,0.0,False,-1.0,0.0,0.0,False,0.0,False,1.0,0.0,0.0,0.0,0.0,0.0,False,-1.0,0.0,0.0,False,0.0,0.015625,7.1565960347652435,7156,2173845,7.1565960347652435,"[array([ 86.4315033 , 179.55937195,  -0.29832757]), array([ 0.        , -0.02073671,  0.        ])]"
1733924991198,0.0,[0. 0. 0.],[0. 0. 0.],False,43878.29296875,Landscape_0,[41266.27734375  9183.89160156  3939.41113281],45,45,37703,1.0,0.0,0.0,0.0,0.0,0.0,False,0.0,False,0.0,False,1.0,0.0,0.0,0.0,0.0,0.0,False,-1.0,0.0,0.0,False,0.0,False,1.0,0.0,0.0,0.0,0.0,0.0,False,-1.0,0.0,0.0,False,-0.00937500037252903,0.012500000186264515,7.206596035510302,7206,2173894,7.206596035510302,"[array([ 86.4315033 , 179.55937195,  -0.29832542]), array([ 0.        , -0.02073671,  0.        ])]"
1733924991247,0.0,[0. 0. 0.],[0. 0. 0.],False,43878.29296875,Landscape_0,[41266.27734375  9183.89160156  3939.41137695],46,46,37709,1.0,0.0,0.0,0.0,0.0,0.0,False,0.0,False,0.0,False,1.0,0.0,0.0,0.0,0.0,0.0,False,-1.0,0.0,0.0,False,0.0,False,1.0,0.0,0.0,0.0,0.0,0.0,False,-1.0,0.0,0.0,False,-0.00937500037252903,0.012500000186264515,7.25659603625536,7256,2173944,7.25659603625536,"[array([ 86.4315033 , 179.55937195,  -0.29832435]), array([ 0.        , -0.02073671,  0.        ])]"
1733924991298,0.0,[0. 0. 0.],[0. 0. 0.],False,43878.29296875,Landscape_0,[41266.27734375  9183.89160156  3939.41162109],47,47,37715,1.0,0.0,0.0,0.0,0.0,0.0,False,0.0,False,0.0,False,1.0,0.0,0.0,0.0,0.0,0.0,False,-1.0,0.0,0.0,False,0.0,False,1.0,0.0,0.0,0.0,0.0,0.0,False,-1.0,0.0,0.0,False,-0.00937500037252903,0.012500000186264515,7.306596037000418,7306,2173994,7.306596037000418,"[array([ 86.4315033 , 179.55937195,  -0.29832333]), array([ 0.        , -0.02073671,  0.        ])]"
1733924991348,0.0,[0. 0. 0.],[0. 0. 0.],False,43878.29296875,Landscape_0,[41266.27734375  9183.89160156  3939.41162109],48,48,37721,1.0,0.0,0.0,0.0,0.0,0.0,False,0.0,False,0.0,False,1.0,0.0,0.0,0.0,0.0,0.0,False,-1.0,0.0,0.0,False,0.0,False,1.0,0.0,0.0,0.0,0.0,0.0,False,-1.0,0.0,0.0,False,-0.007499993313103914,0.012500000186264515,7.356596037745476,7356,2174044,7.356596037745476,"[array([ 86.4315033 , 179.55937195,  -0.29832333]), array([ 0.        , -0.02073671,  0.        ])]"
1733924991398,0.0,[0. 0. 0.],[0. 0. 0.],False,43878.29296875,Landscape_0,[41266.27734375  9183.89160156  3939.41186523],49,49,37727,1.0,0.0,0.0,0.0,0.0,0.0,False,0.0,False,0.0,False,1.0,0.0,0.0,0.0,0.0,0.0,False,-1.0,0.0,0.0,False,0.0,False,1.0,0.0,0.0,0.0,0.0,0.0,False,-1.0,0.0,0.0,False,-0.00937500037252903,0.0062500000931322575,7.406596038490534,7406,2174094,7.406596038490534,"[array([ 86.4315033 , 179.55937195,  -0.29832333]), array([ 0.        , -0.02073671,  0.        ])]"
1733924991449,0.0,[0. 0. 0.],[0. 0. 0.],False,43878.29296875,Landscape_0,[41266.27734375  9183.89160156  3939.41186523],50,50,37733,1.0,0.0,0.0,0.0,0.0,0.0,False,0.0,False,0.0,False,1.0,0.0,0.0,0.0,0.0,0.0,False,-1.0,0.0,0.0,False,0.0,False,1.0,0.0,0.0,0.0,0.0,0.0,False,-1.0,0.0,0.0,False,-0.00937500037252903,0.015625,7.456596039235592,7456,2174144,7.456596039235592,"[array([ 86.4315033 , 179.55937195,  -0.29832333]), array([ 0.        , -0.02073671,  0.        ])]"
1733924991498,0.0,[0. 0. 0.],[0. 0. 0.],False,43878.29296875,Landscape_0,[41266.27734375  9183.89160156  3939.41186523],51,51,37739,1.0,0.0,0.0,0.0,0.0,0.0,False,0.0,False,0.0,False,1.0,0.0,0.0,0.0,0.0,0.0,False,-1.0,0.0,0.0,False,0.0,False,1.0,0.0,0.0,0.0,0.0,0.0,False,-1.0,0.0,0.0,False,-0.00937500037252903,0.0062500000931322575,7.50659603998065,7506,2174194,7.50659603998065,"[array([ 86.4315033 , 179.55937195,  -0.29832333]), array([ 0.        , -0.02073671,  0.        ])]"
1733924991548,0.0,[0. 0. 0.],[0. 0. 0.],False,43878.29296875,Landscape_0,[41266.27734375  9183.89160156  3939.41186523],52,52,37745,1.0,0.0,0.0,0.0,0.0,0.0,False,0.0,False,0.0,False,1.0,0.0,0.0,0.0,0.0,0.0,False,-1.0,0.0,0.0,False,0.0,False,1.0,0.0,0.0,0.0,0.0,0.0,False,-1.0,0.0,0.0,False,-0.00937500037252903,0.012500000186264515,7.556596040725708,7556,2174244,7.556596040725708,"[array([ 86.4315033 , 179.55937195,  -0.29832333]), array([ 0.        , -0.02073671,  0.        ])]"
1733924991599,0.003508772002533078,[0. 0. 0.],[0. 0. 0.],False,43878.29296875,Landscape_0,[41266.27734375  9183.89160156  3939.41186523],53,53,37751,1.0,0.0,0.0,0.0,0.0,0.0,False,0.0,False,0.0,False,1.0,0.0,0.0,0.0,0.0,0.0,False,-1.0,0.0,0.0,False,0.0,False,1.0,0.0,0.0,0.0,0.0,0.0,False,-1.0,0.0,0.0,False,-0.00937500037252903,0.012500000186264515,7.606596041470766,7606,2174294,7.606596041470766,"[array([ 86.4315033 , 179.55937195,  -0.29832333]), array([ 0.        , -0.02073671,  0.        ])]"
1733924991651,0.003508772002533078,[0. 0. 0.],[0. 0. 0.],False,43878.29296875,Landscape_0,[41266.27734375  9183.89160156  3939.41186523],54,54,37757,1.0,0.0,0.0,0.0,0.0,0.0,False,0.0,False,0.0,False,1.0,0.0,0.0,0.0,0.0,0.0,False,-1.0,0.0,0.0,False,0.0,False,1.0,0.0,0.0,0.0,0.0,0.0,False,-1.0,0.0,0.0,False,-0.00937500037252903,0.015625,7.656596042215824,7656,2174344,7.656596042215824,"[array([ 86.4315033 , 179.55937195,  -0.29832333]), array([ 0.        , -0.02073671,  0.        ])]"
1733924991701,0.0,[0. 0. 0.],[0. 0. 0.],False,43878.29296875,Landscape_0,[41266.27734375  9183.89160156  3939.41186523],55,55,37763,1.0,0.0,0.0,0.0,0.0,0.0,False,0.0,False,0.0,False,1.0,0.0,0.0,0.0,0.0,0.0,False,-1.0,0.0,0.0,False,0.0,False,1.0,0.0,0.0,0.0,0.0,0.0,False,-1.0,0.0,0.0,False,-0.007499993313103914,0.012500000186264515,7.706596042960882,7706,2174394,7.706596042960882,"[array([ 86.4315033 , 179.55937195,  -0.29832333]), array([ 0.        , -0.02073671,  0.        ])]"
1733924991752,0.0,[0. 0. 0.],[0. 0. 0.],False,43878.29296875,Landscape_0,[41266.27734375  9183.89160156  3939.41186523],56,56,37769,1.0,0.0,0.0,0.0,0.0,0.0,False,0.0,False,0.0,False,1.0,0.0,0.0,0.0,0.0,0.0,False,-1.0,0.0,0.0,False,0.0,False,1.0,0.0,0.0,0.0,0.0,0.0,False,-1.0,0.0,0.0,False,-0.00937500037252903,0.00937500037252903,7.75659604370594,7756,2174444,7.75659604370594,"[array([ 86.4315033 , 179.55937195,  -0.29832333]), array([ 0.        , -0.02073671,  0.        ])]"
1733924991803,0.0,[0. 0. 0.],[0. 0. 0.],False,43878.29296875,Landscape_0,[41266.27734375  9183.89160156  3939.41186523],57,57,37776,1.0,0.0,0.0,0.0,0.0,0.0,False,0.0,False,0.0,False,1.0,0.0,0.0,0.0,0.0,0.0,False,-1.0,0.0,0.0,False,0.0,False,1.0,0.0,0.0,0.0,0.0,0.0,False,-1.0,0.0,0.0,False,-0.00937500037252903,0.012500000186264515,7.806596044450998,7806,2174503,7.806596044450998,"[array([ 86.4315033 , 179.55937195,  -0.29832333]), array([ 0.        , -0.02073671,  0.        ])]"
1733924991852,0.0,[0. 0. 0.],[0. 0. 0.],False,43878.29296875,Landscape_0,[41266.27734375  9183.89160156  3939.41186523],58,58,37782,1.0,0.0,0.0,0.0,0.0,0.0,False,0.0,False,0.0,False,1.0,0.0,0.0,0.0,0.0,0.0,False,-1.0,0.0,0.0,False,0.0,False,1.0,0.0,0.0,0.0,0.0,0.0,False,-1.0,0.0,0.0,False,-0.007499993313103914,0.012500000186264515,7.856596045196056,7856,2174553,7.856596045196056,"[array([ 86.4315033 , 179.55937195,  -0.29832333]), array([ 0.        , -0.02073671,  0.        ])]"
1733924991903,0.0,[0. 0. 0.],[0. 0. 0.],False,43878.29296875,Landscape_0,[41266.27734375  9183.89160156  3939.41186523],59,59,37788,1.0,0.0,0.0,0.0,0.0,0.0,False,0.0,False,0.0,False,1.0,0.0,0.0,0.0,0.0,0.0,False,-1.0,0.0,0.0,False,0.0,False,1.0,0.0,0.0,0.0,0.0,0.0,False,-1.0,0.0,0.0,False,-0.007499993313103914,0.012500000186264515,7.906596045941114,7906,2174603,7.906596045941114,"[array([ 86.4315033 , 179.55937195,  -0.29832333]), array([ 0.        , -0.02073671,  0.        ])]"
1733924991951,0.0,[0. 0. 0.],[0. 0. 0.],False,43878.29296875,Landscape_0,[41266.27734375  9183.89160156  3939.41186523],60,60,37794,1.0,0.0,0.0,0.0,0.0,0.0,False,0.0,False,0.0,False,1.0,0.0,0.0,0.0,0.0,0.0,False,-1.0,0.0,0.0,False,0.0,False,1.0,0.0,0.0,0.0,0.0,0.0,False,-1.0,0.0,0.0,False,-0.00937500037252903,0.015625,7.9565960466861725,7956,2174653,7.9565960466861725,"[array([ 86.4315033 , 179.55937195,  -0.29832333]), array([ 0.        , -0.02073671,  0.        ])]"
1733924992001,0.0,[0. 0. 0.],[0. 0. 0.],False,43878.29296875,Landscape_0,[41266.27734375  9183.89160156  3939.41186523],61,61,37799,1.0,0.0,0.0,0.0,0.0,0.0,False,0.0,False,0.0,False,1.0,0.0,0.0,0.0,0.0,0.0,False,-1.0,0.0,0.0,False,0.0,False,1.0,0.0,0.0,0.0,0.0,0.0,False,-1.0,0.0,0.0,False,-0.007499993313103914,0.012500000186264515,8.00659604743123,8006,2174694,8.00659604743123,"[array([ 86.4315033 , 179.55937195,  -0.29832333]), array([ 0.        , -0.02073671,  0.        ])]"
1733924992050,0.003508772002533078,[0. 0. 0.],[0. 0. 0.],False,43878.29296875,Landscape_0,[41266.27734375  9183.89160156  3939.41186523],62,62,37805,1.0,0.0,0.0,0.0,0.0,0.0,False,0.0,False,0.0,False,1.0,0.0,0.0,0.0,0.0,0.0,False,-1.0,0.0,0.0,False,0.0,False,1.0,0.0,0.0,0.0,0.0,0.0,False,-1.0,0.0,0.0,False,-0.00937500037252903,0.012500000186264515,8.056596048176289,8056,2174744,8.056596048176289,"[array([ 86.4315033 , 179.55937195,  -0.29832333]), array([ 0.        , -0.02073671,  0.        ])]"
1733924992100,0.0,[0. 0. 0.],[0. 0. 0.],False,43878.29296875,Landscape_0,[41266.27734375  9183.89160156  3939.41186523],63,63,37811,1.0,0.0,0.0,0.0,0.0,0.0,False,0.0,False,0.0,False,1.0,0.0,0.0,0.0,0.0,0.0,False,-1.0,0.0,0.0,False,0.0,False,1.0,0.0,0.0,0.0,0.0,0.0,False,-1.0,0.0,0.0,False,-0.00937500037252903,0.0062500000931322575,8.106596048921347,8106,2174794,8.106596048921347,"[array([ 86.4315033 , 179.55937195,  -0.29832333]), array([ 0.        , -0.02073671,  0.        ])]"
1733924992151,0.003508772002533078,[0. 0. 0.],[0. 0. 0.],False,43878.29296875,Landscape_0,[41266.27734375  9183.89160156  3939.41186523],64,64,37817,1.0,0.0,0.0,0.0,0.0,0.0,False,0.0,False,0.0,False,1.0,0.0,0.0,0.0,0.0,0.0,False,-1.0,0.0,0.0,False,0.0,False,1.0,0.0,0.0,0.0,0.0,0.0,False,-1.0,0.0,0.0,False,-0.00937500037252903,0.015625,8.156596049666405,8156,2174844,8.156596049666405,"[array([ 86.4315033 , 179.55937195,  -0.29832333]), array([ 0.        , -0.02073671,  0.        ])]"
1733924992202,0.0,[0. 0. 0.],[0. 0. 0.],False,43878.29296875,Landscape_0,[41266.27734375  9183.89160156  3939.41186523],65,65,37823,1.0,0.0,0.0,0.0,0.0,0.0,False,0.0,False,0.0,False,1.0,0.0,0.0,0.0,0.0,0.0,False,-1.0,0.0,0.0,False,0.0,False,1.0,0.0,0.0,0.0,0.0,0.0,False,-1.0,0.0,0.0,False,-0.00937500037252903,0.00937500037252903,8.206596050411463,8206,2174894,8.206596050411463,"[array([ 86.4315033 , 179.55937195,  -0.29832333]), array([ 0.        , -0.02073671,  0.        ])]"
1733924992252,0.003508772002533078,[0. 0. 0.],[0. 0. 0.],False,43878.29296875,Landscape_0,[41266.27734375  9183.89160156  3939.41186523],66,66,37829,1.0,0.0,0.0,0.0,0.0,0.0,False,0.0,False,0.0,False,1.0,0.0,0.0,0.0,0.0,0.0,False,-1.0,0.0,0.0,False,0.0,False,1.0,0.0,0.0,0.0,0.0,0.0,False,-1.0,0.0,0.0,False,-0.00937500037252903,0.012500000186264515,8.25659605115652,8256,2174944,8.25659605115652,"[array([ 86.4315033 , 179.55937195,  -0.29832333]), array([ 0.        , -0.02073671,  0.        ])]"
1733924992302,0.0,[0. 0. 0.],[0. 0. 0.],False,43878.29296875,Landscape_0,[41266.27734375  9183.89160156  3939.41186523],67,67,37835,1.0,0.0,0.0,0.0,0.0,0.0,False,0.0,False,0.0,False,1.0,0.0,0.0,0.0,0.0,0.0,False,-1.0,0.0,0.0,False,0.0,False,1.0,0.0,0.0,0.0,0.0,0.0,False,-1.0,0.0,0.0,False,-0.00937500037252903,0.015625,8.306596051901579,8306,2174994,8.306596051901579,"[array([ 86.4315033 , 179.55937195,  -0.29832333]), array([ 0.        , -0.02073671,  0.        ])]"
1733924992352,0.0,[0. 0. 0.],[0. 0. 0.],False,43878.29296875,Landscape_0,[41266.27734375  9183.89160156  3939.41186523],68,68,37841,1.0,0.0,0.0,0.0,0.0,0.0,False,0.0,False,0.0,False,1.0,0.0,0.0,0.0,0.0,0.0,False,-1.0,0.0,0.0,False,0.0,False,1.0,0.0,0.0,0.0,0.0,0.0,False,-1.0,0.0,0.0,False,-0.011250007897615433,0.012500000186264515,8.356596052646637,8356,2175044,8.356596052646637,"[array([ 86.4315033 , 179.55937195,  -0.29832333]), array([ 0.        , -0.02073671,  0.        ])]"
1733924992402,0.0,[0. 0. 0.],[0. 0. 0.],False,43878.29296875,Landscape_0,[41266.27734375  9183.89160156  3939.41186523],69,69,37847,1.0,0.0,0.0,0.0,0.0,0.0,False,0.0,False,0.0,False,1.0,0.0,0.0,0.0,0.0,0.0,False,-1.0,0.0,0.0,False,0.0,False,1.0,0.0,0.0,0.0,0.0,0.0,False,-1.0,0.0,0.0,False,-0.00937500037252903,0.012500000186264515,8.406596053391695,8406,2175094,8.406596053391695,"[array([ 86.4315033 , 179.55937195,  -0.29832333]), array([ 0.        , -0.02073671,  0.        ])]"
1733924992452,0.0,[0. 0. 0.],[0. 0. 0.],False,43878.29296875,Landscape_0,[41266.27734375  9183.89160156  3939.41186523],70,70,37853,1.0,0.0,0.0,0.0,0.0,0.0,False,0.0,False,0.0,False,1.0,0.0,0.0,0.0,0.0,0.0,False,-1.0,0.0,0.0,False,0.0,False,1.0,0.0,0.0,0.0,0.0,0.0,False,-1.0,0.0,0.0,False,-0.00937500037252903,0.012500000186264515,8.456596054136753,8456,2175144,8.456596054136753,"[array([ 86.4315033 , 179.55937195,  -0.29832333]), array([ 0.        , -0.02073671,  0.        ])]"
1733924992502,0.0,[0. 0. 0.],[0. 0. 0.],False,43878.29296875,Landscape_0,[41266.27734375  9183.89160156  3939.41186523],71,71,37859,1.0,0.0,0.0,0.0,0.0,0.0,False,0.0,False,0.0,False,1.0,0.0,0.0,0.0,0.0,0.0,False,-1.0,0.0,0.0,False,0.0,False,1.0,0.0,0.0,0.0,0.0,0.0,False,-1.0,0.0,0.0,False,-0.007499993313103914,0.015625,8.506596054881811,8506,2175194,8.506596054881811,"[array([ 86.4315033 , 179.55937195,  -0.29832333]), array([ 0.        , -0.02073671,  0.        ])]"
1733924992553,0.0,[0. 0. 0.],[0. 0. 0.],False,43878.29296875,Landscape_0,[41266.27734375  9183.89160156  3939.41186523],72,72,37865,1.0,0.0,0.0,0.0,0.0,0.0,False,0.0,False,0.0,False,1.0,0.0,0.0,0.0,0.0,0.0,False,-1.0,0.0,0.0,False,0.0,False,1.0,0.0,0.0,0.0,0.0,0.0,False,-1.0,0.0,0.0,False,-0.00937500037252903,0.015625,8.55659605562687,8556,2175244,8.55659605562687,"[array([ 86.4315033 , 179.55937195,  -0.29832333]), array([ 0.        , -0.02073671,  0.        ])]"
1733924992605,0.0,[0. 0. 0.],[0. 0. 0.],False,43878.29296875,Landscape_0,[41266.27734375  9183.89160156  3939.41186523],73,73,37872,1.0,0.0,0.0,0.0,0.0,0.0,False,0.0,False,0.0,False,1.0,0.0,0.0,0.0,0.0,0.0,False,-1.0,0.0,0.0,False,0.0,False,1.0,0.0,0.0,0.0,0.0,0.0,False,-1.0,0.0,0.0,False,-0.00937500037252903,0.012500000186264515,8.606596056371927,8606,2175303,8.606596056371927,"[array([ 86.4315033 , 179.55937195,  -0.29832333]), array([ 0.        , -0.02073671,  0.        ])]"
1733924992655,0.003508772002533078,[0. 0. 0.],[0. 0. 0.],False,43878.29296875,Landscape_0,[41266.27734375  9183.89160156  3939.41186523],74,74,37878,1.0,0.0,0.0,0.0,0.0,0.0,False,0.0,False,0.0,False,1.0,0.0,0.0,0.0,0.0,0.0,False,-1.0,0.0,0.0,False,0.0,False,1.0,0.0,0.0,0.0,0.0,0.0,False,-1.0,0.0,0.0,False,-0.00937500037252903,0.015625,8.656596057116985,8656,2175353,8.656596057116985,"[array([ 86.4315033 , 179.55937195,  -0.29832333]), array([ 0.        , -0.02073671,  0.        ])]"
1733924992705,0.0,[0. 0. 0.],[0. 0. 0.],False,43878.29296875,Landscape_0,[41266.27734375  9183.89160156  3939.41186523],75,75,37884,1.0,0.0,0.0,0.0,0.0,0.0,False,0.0,False,0.0,False,1.0,0.0,0.0,0.0,0.0,0.0,False,-1.0,0.0,0.0,False,0.0,False,1.0,0.0,0.0,0.0,0.0,0.0,False,-1.0,0.0,0.0,False,-0.00937500037252903,0.0062500000931322575,8.706596057862043,8706,2175403,8.706596057862043,"[array([ 86.4315033 , 179.55937195,  -0.29832333]), array([ 0.        , -0.02073671,  0.        ])]"
1733924992756,0.0,[0. 0. 0.],[0. 0. 0.],False,43878.29296875,Landscape_0,[41266.27734375  9183.89160156  3939.41186523],76,76,37890,1.0,0.0,0.0,0.0,0.0,0.0,False,0.0,False,0.0,False,1.0,0.0,0.0,0.0,0.0,0.0,False,-1.0,0.0,0.0,False,0.0,False,1.0,0.0,0.0,0.0,0.0,0.0,False,-1.0,0.0,0.0,False,-0.00937500037252903,0.015625,8.756596058607101,8756,2175452,8.756596058607101,"[array([ 86.4315033 , 179.55937195,  -0.29832333]), array([ 0.        , -0.02073671,  0.        ])]"
1733924992806,0.0,[0. 0. 0.],[0. 0. 0.],False,43878.29296875,Landscape_0,[41266.27734375  9183.89160156  3939.41186523],77,77,37896,1.0,0.0,0.0,0.0,0.0,0.0,False,0.0,False,0.0,False,1.0,0.0,0.0,0.0,0.0,0.0,False,-1.0,0.0,0.0,False,0.0,False,1.0,0.0,0.0,0.0,0.0,0.0,False,-1.0,0.0,0.0,False,-0.00937500037252903,0.012500000186264515,8.80659605935216,8806,2175502,8.80659605935216,"[array([ 86.4315033 , 179.55937195,  -0.29832333]), array([ 0.        , -0.02073671,  0.        ])]"
1733924992856,0.003508772002533078,[0. 0. 0.],[0. 0. 0.],False,43878.29296875,Landscape_0,[41266.27734375  9183.89160156  3939.41186523],78,78,37902,1.0,0.0,0.0,0.0,0.0,0.0,False,0.0,False,0.0,False,1.0,0.0,0.0,0.0,0.0,0.0,False,-1.0,0.0,0.0,False,0.0,False,1.0,0.0,0.0,0.0,0.0,0.0,False,-1.0,0.0,0.0,False,-0.00937500037252903,0.012500000186264515,8.856596060097218,8856,2175552,8.856596060097218,"[array([ 86.4315033 , 179.55937195,  -0.29832333]), array([ 0.        , -0.02073671,  0.        ])]"
1733924992906,0.0,[0. 0. 0.],[0. 0. 0.],False,43878.29296875,Landscape_0,[41266.27734375  9183.89160156  3939.41186523],79,79,37908,1.0,0.0,0.0,0.0,0.0,0.0,False,0.0,False,0.0,False,1.0,0.0,0.0,0.0,0.0,0.0,False,-1.0,0.0,0.0,False,0.0,False,1.0,0.0,0.0,0.0,0.0,0.0,False,-1.0,0.0,0.0,False,-0.00937500037252903,0.012500000186264515,8.906596060842276,8906,2175602,8.906596060842276,"[array([ 86.4315033 , 179.55937195,  -0.29832333]), array([ 0.        , -0.02073671,  0.        ])]"
1733924992957,0.0,[0. 0. 0.],[0. 0. 0.],False,43878.29296875,Landscape_0,[41266.27734375  9183.89160156  3939.41186523],80,80,37914,1.0,0.0,0.0,0.0,0.0,0.0,False,0.0,False,0.0,False,1.0,0.0,0.0,0.0,0.0,0.0,False,-1.0,0.0,0.0,False,0.0,False,1.0,0.0,0.0,0.0,0.0,0.0,False,-1.0,0.0,0.0,False,-0.007499993313103914,0.012500000186264515,8.956596061587334,8956,2175652,8.956596061587334,"[array([ 86.4315033 , 179.55937195,  -0.29832333]), array([ 0.        , -0.02073671,  0.        ])]"
1733924993007,0.0,[0. 0. 0.],[0. 0. 0.],False,43878.29296875,Landscape_0,[41266.27734375  9183.89160156  3939.41186523],81,81,37920,1.0,0.0,0.0,0.0,0.0,0.0,False,0.0,False,0.0,False,1.0,0.0,0.0,0.0,0.0,0.0,False,-1.0,0.0,0.0,False,0.0,False,1.0,0.0,0.0,0.0,0.0,0.0,False,-1.0,0.0,0.0,False,-0.00937500037252903,0.012500000186264515,9.006596062332392,9006,2175702,9.006596062332392,"[array([ 86.4315033 , 179.55937195,  -0.29832333]), array([ 0.        , -0.02073671,  0.        ])]"
1733924993056,0.0,[0. 0. 0.],[0. 0. 0.],False,43878.29296875,Landscape_0,[41266.27734375  9183.89160156  3939.41186523],82,82,37926,1.0,0.0,0.0,0.0,0.0,0.0,False,0.0,False,0.0,False,1.0,0.0,0.0,0.0,0.0,0.0,False,-1.0,0.0,0.0,False,0.0,False,1.0,0.0,0.0,0.0,0.0,0.0,False,-1.0,0.0,0.0,False,-0.007499993313103914,0.012500000186264515,9.05659606307745,9056,2175752,9.05659606307745,"[array([ 86.4315033 , 179.55937195,  -0.29832333]), array([ 0.        , -0.02073671,  0.        ])]"
1733924993107,0.0,[0. 0. 0.],[0. 0. 0.],False,43878.29296875,Landscape_0,[41266.27734375  9183.89160156  3939.41186523],83,83,37932,1.0,0.0,0.0,0.0,0.0,0.0,False,0.0,False,0.0,False,1.0,0.0,0.0,0.0,0.0,0.0,False,-1.0,0.0,0.0,False,0.0,False,1.0,0.0,0.0,0.0,0.0,0.0,False,-1.0,0.0,0.0,False,-0.00937500037252903,0.012500000186264515,9.106596063822508,9106,2175802,9.106596063822508,"[array([ 86.4315033 , 179.55937195,  -0.29832333]), array([ 0.        , -0.02073671,  0.        ])]"
1733924993157,0.0,[0. 0. 0.],[0. 0. 0.],False,43878.29296875,Landscape_0,[41266.27734375  9183.89160156  3939.41186523],84,84,37938,1.0,0.0,0.0,0.0,0.0,0.0,False,0.0,False,0.0,False,1.0,0.0,0.0,0.0,0.0,0.0,False,-1.0,0.0,0.0,False,0.0,False,1.0,0.0,0.0,0.0,0.0,0.0,False,-1.0,0.0,0.0,False,-0.00937500037252903,0.012500000186264515,9.156596064567566,9156,2175852,9.156596064567566,"[array([ 86.4315033 , 179.55937195,  -0.29832333]), array([ 0.        , -0.02073671,  0.        ])]"
1733924993208,0.003508772002533078,[0. 0. 0.],[0. 0. 0.],False,43878.29296875,Landscape_0,[41266.27734375  9183.89160156  3939.41186523],85,85,37944,1.0,0.0,0.0,0.0,0.0,0.0,False,0.0,False,0.0,False,1.0,0.0,0.0,0.0,0.0,0.0,False,-1.0,0.0,0.0,False,0.0,False,1.0,0.0,0.0,0.0,0.0,0.0,False,-1.0,0.0,0.0,False,-0.00937500037252903,0.015625,9.206596065312624,9206,2175902,9.206596065312624,"[array([ 86.4315033 , 179.55937195,  -0.29832333]), array([ 0.        , -0.02073671,  0.        ])]"
1733924993258,0.0,[0. 0. 0.],[0. 0. 0.],False,43878.29296875,Landscape_0,[41266.27734375  9183.89160156  3939.41186523],86,86,37950,1.0,0.0,0.0,0.0,0.0,0.0,False,0.0,False,0.0,False,1.0,0.0,0.0,0.0,0.0,0.0,False,-1.0,0.0,0.0,False,0.0,False,1.0,0.0,0.0,0.0,0.0,0.0,False,-1.0,0.0,0.0,False,-0.007499993313103914,0.012500000186264515,9.256596066057682,9256,2175952,9.256596066057682,"[array([ 86.4315033 , 179.55937195,  -0.29832333]), array([ 0.        , -0.02073671,  0.        ])]"
1733924993306,0.003508772002533078,[0. 0. 0.],[0. 0. 0.],False,43878.29296875,Landscape_0,[41266.27734375  9183.89160156  3939.41186523],87,87,37956,1.0,0.0,0.0,0.0,0.0,0.0,False,0.0,False,0.0,False,1.0,0.0,0.0,0.0,0.0,0.0,False,-1.0,0.0,0.0,False,0.0,False,1.0,0.0,0.0,0.0,0.0,0.0,False,-1.0,0.0,0.0,False,-0.00937500037252903,0.012500000186264515,9.30659606680274,9306,2176002,9.30659606680274,"[array([ 86.4315033 , 179.55937195,  -0.29832333]), array([ 0.        , -0.02073671,  0.        ])]"
1733924993356,0.0,[0. 0. 0.],[0. 0. 0.],False,43878.29296875,Landscape_0,[41266.27734375  9183.89160156  3939.41186523],88,88,37962,1.0,0.0,0.0,0.0,0.0,0.0,False,0.0,False,0.0,False,1.0,0.0,0.0,0.0,0.0,0.0,False,-1.0,0.0,0.0,False,0.0,False,1.0,0.0,0.0,0.0,0.0,0.0,False,-1.0,0.0,0.0,False,-0.00937500037252903,0.012500000186264515,9.356596067547798,9356,2176052,9.356596067547798,"[array([ 86.4315033 , 179.55937195,  -0.29832333]), array([ 0.        , -0.02073671,  0.        ])]"
1733924993406,0.0,[0. 0. 0.],[0. 0. 0.],False,43878.29296875,Landscape_0,[41266.27734375  9183.89160156  3939.41186523],89,89,37968,1.0,0.0,0.0,0.0,0.0,0.0,False,0.0,False,0.0,False,1.0,0.0,0.0,0.0,0.0,0.0,False,-1.0,0.0,0.0,False,0.0,False,1.0,0.0,0.0,0.0,0.0,0.0,False,-1.0,0.0,0.0,False,-0.007499993313103914,0.015625,9.406596068292856,9406,2176102,9.406596068292856,"[array([ 86.4315033 , 179.55937195,  -0.29832333]), array([ 0.        , -0.02073671,  0.        ])]"
1733924993455,0.0,[0. 0. 0.],[0. 0. 0.],False,43878.29296875,Landscape_0,[41266.27734375  9183.89160156  3939.41186523],90,90,37974,1.0,0.0,0.0,0.0,0.0,0.0,False,0.0,False,0.0,False,1.0,0.0,0.0,0.0,0.0,0.0,False,-1.0,0.0,0.0,False,0.0,False,1.0,0.0,0.0,0.0,0.0,0.0,False,-1.0,0.0,0.0,False,-0.00937500037252903,0.00937500037252903,9.456596069037914,9456,2176152,9.456596069037914,"[array([ 86.4315033 , 179.55937195,  -0.29832333]), array([ 0.        , -0.02073671,  0.        ])]"
1733924993505,0.0,[0. 0. 0.],[0. 0. 0.],False,43878.29296875,Landscape_0,[41266.27734375  9183.89160156  3939.41186523],91,91,37980,1.0,0.0,0.0,0.0,0.0,0.0,False,0.0,False,0.0,False,1.0,0.0,0.0,0.0,0.0,0.0,False,-1.0,0.0,0.0,False,0.0,False,1.0,0.0,0.0,0.0,0.0,0.0,False,-1.0,0.0,0.0,False,-0.00937500037252903,0.015625,9.506596069782972,9506,2176202,9.506596069782972,"[array([ 86.4315033 , 179.55937195,  -0.29832333]), array([ 0.        , -0.02073671,  0.        ])]"
1733924993554,0.0,[0. 0. 0.],[0. 0. 0.],False,43878.29296875,Landscape_0,[41266.27734375  9183.89160156  3939.41186523],92,92,37986,1.0,0.0,0.0,0.0,0.0,0.0,False,0.0,False,0.0,False,1.0,0.0,0.0,0.0,0.0,0.0,False,-1.0,0.0,0.0,False,0.0,False,1.0,0.0,0.0,0.0,0.0,0.0,False,-1.0,0.0,0.0,False,-0.00937500037252903,0.012500000186264515,9.55659607052803,9556,2176252,9.55659607052803,"[array([ 86.4315033 , 179.55937195,  -0.29832333]), array([ 0.        , -0.02073671,  0.        ])]"
1733924993604,0.0,[0. 0. 0.],[0. 0. 0.],False,43878.29296875,Landscape_0,[41266.27734375  9183.89160156  3939.41186523],93,93,37992,1.0,0.0,0.0,0.0,0.0,0.0,False,0.0,False,0.0,False,1.0,0.0,0.0,0.0,0.0,0.0,False,-1.0,0.0,0.0,False,0.0,False,1.0,0.0,0.0,0.0,0.0,0.0,False,-1.0,0.0,0.0,False,-0.00937500037252903,0.00937500037252903,9.606596071273088,9606,2176302,9.606596071273088,"[array([ 86.4315033 , 179.55937195,  -0.29832333]), array([ 0.        , -0.02073671,  0.        ])]"
1733924993655,0.0,[0. 0. 0.],[0. 0. 0.],False,43878.29296875,Landscape_0,[41266.27734375  9183.89160156  3939.41186523],94,94,37998,1.0,0.0,0.0,0.0,0.0,0.0,False,0.0,False,0.0,False,1.0,0.0,0.0,0.0,0.0,0.0,False,-1.0,0.0,0.0,False,0.0,False,1.0,0.0,0.0,0.0,0.0,0.0,False,-1.0,0.0,0.0,False,-0.00937500037252903,0.012500000186264515,9.656596072018147,9656,2176352,9.656596072018147,"[array([ 86.4315033 , 179.55937195,  -0.29832333]), array([ 0.        , -0.02073671,  0.        ])]"
1733924993706,0.0,[0. 0. 0.],[0. 0. 0.],False,43878.29296875,Landscape_0,[41266.27734375  9183.89160156  3939.41186523],95,95,38004,1.0,0.0,0.0,0.0,0.0,0.0,False,0.0,False,0.0,False,1.0,0.0,0.0,0.0,0.0,0.0,False,-1.0,0.0,0.0,False,0.0,False,1.0,0.0,0.0,0.0,0.0,0.0,False,-1.0,0.0,0.0,False,-0.00937500037252903,0.012500000186264515,9.706596072763205,9706,2176402,9.706596072763205,"[array([ 86.4315033 , 179.55937195,  -0.29832333]), array([ 0.        , -0.02073671,  0.        ])]"
1733924993754,0.0,[0. 0. 0.],[0. 0. 0.],False,43878.29296875,Landscape_0,[41266.27734375  9183.89160156  3939.41186523],96,96,38010,1.0,0.0,0.0,0.0,0.0,0.0,False,0.0,False,0.0,False,1.0,0.0,0.0,0.0,0.0,0.0,False,-1.0,0.0,0.0,False,0.0,False,1.0,0.0,0.0,0.0,0.0,0.0,False,-1.0,0.0,0.0,False,0.0,0.015625,9.756596073508263,9756,2176452,9.756596073508263,"[array([ 86.4315033 , 179.55937195,  -0.29832333]), array([ 0.        , -0.02073671,  0.        ])]"
1733924993804,0.003508772002533078,[0. 0. 0.],[0. 0. 0.],False,43878.29296875,Landscape_0,[41266.27734375  9183.89160156  3939.41186523],97,97,38016,1.0,0.0,0.0,0.0,0.0,0.0,False,0.0,False,0.0,False,1.0,0.0,0.0,0.0,0.0,0.0,False,-1.0,0.0,0.0,False,0.0,False,1.0,0.0,0.0,0.0,0.0,0.0,False,-1.0,0.0,0.0,False,-0.00937500037252903,0.012500000186264515,9.80659607425332,9806,2176502,9.80659607425332,"[array([ 86.4315033 , 179.55937195,  -0.29832333]), array([ 0.        , -0.02073671,  0.        ])]"
1733924993856,0.0,[0. 0. 0.],[0. 0. 0.],False,43878.29296875,Landscape_0,[41266.27734375  9183.89160156  3939.41186523],98,98,38022,1.0,0.0,0.0,0.0,0.0,0.0,False,0.0,False,0.0,False,1.0,0.0,0.0,0.0,0.0,0.0,False,-1.0,0.0,0.0,False,0.0,False,1.0,0.0,0.0,0.0,0.0,0.0,False,-1.0,0.0,0.0,False,-0.007499993313103914,0.012500000186264515,9.856596074998379,9856,2176552,9.856596074998379,"[array([ 86.4315033 , 179.55937195,  -0.29832333]), array([ 0.        , -0.02073671,  0.        ])]"
1733924993906,0.0,[0. 0. 0.],[0. 0. 0.],False,43878.29296875,Landscape_0,[41266.27734375  9183.89160156  3939.41186523],99,99,38028,1.0,0.0,0.0,0.0,0.0,0.0,False,0.0,False,0.0,False,1.0,0.0,0.0,0.0,0.0,0.0,False,-1.0,0.0,0.0,False,0.0,False,1.0,0.0,0.0,0.0,0.0,0.0,False,-1.0,0.0,0.0,False,-0.00937500037252903,0.012500000186264515,9.906596075743437,9906,2176602,9.906596075743437,"[array([ 86.4315033 , 179.55937195,  -0.29832333]), array([ 0.        , -0.02073671,  0.        ])]"
1733924993955,0.0,[0. 0. 0.],[0. 0. 0.],False,43878.29296875,Landscape_0,[41266.27734375  9183.89160156  3939.41186523],100,100,38034,1.0,0.0,0.0,0.0,0.0,0.0,False,0.0,False,0.0,False,1.0,0.0,0.0,0.0,0.0,0.0,False,-1.0,0.0,0.0,False,0.0,False,1.0,0.0,0.0,0.0,0.0,0.0,False,-1.0,0.0,0.0,False,-0.00937500037252903,0.015625,9.956596076488495,9956,2176652,9.956596076488495,"[array([ 86.4315033 , 179.55937195,  -0.29832333]), array([ 0.        , -0.02073671,  0.        ])]"
1733924994004,0.0,[0. 0. 0.],[0. 0. 0.],False,43878.29296875,Landscape_0,[41266.27734375  9183.89160156  3939.41186523],101,101,38040,1.0,0.0,0.0,0.0,0.0,0.0,False,0.0,False,0.0,False,1.0,0.0,0.0,0.0,0.0,0.0,False,-1.0,0.0,0.0,False,0.0,False,1.0,0.0,0.0,0.0,0.0,0.0,False,-1.0,0.0,0.0,False,-0.00937500037252903,0.015625,10.006596077233553,10006,2176702,10.006596077233553,"[array([ 86.4315033 , 179.55937195,  -0.29832333]), array([ 0.        , -0.02073671,  0.        ])]"
1733924994056,0.0,[0. 0. 0.],[0. 0. 0.],False,43878.29296875,Landscape_0,[41266.27734375  9183.89160156  3939.41186523],102,102,38046,1.0,0.0,0.0,0.0,0.0,0.0,False,0.0,False,0.0,False,1.0,0.0,0.0,0.0,0.0,0.0,False,-1.0,0.0,0.0,False,0.0,False,1.0,0.0,0.0,0.0,0.0,0.0,False,-1.0,0.0,0.0,False,-0.00937500037252903,0.012500000186264515,10.056596077978611,10056,2176752,10.056596077978611,"[array([ 86.4315033 , 179.55937195,  -0.29832333]), array([ 0.        , -0.02073671,  0.        ])]"
1733924994107,0.0,[0. 0. 0.],[0. 0. 0.],False,43878.29296875,Landscape_0,[41266.27734375  9183.89160156  3939.41186523],103,103,38052,1.0,0.0,0.0,0.0,0.0,0.0,False,0.0,False,0.0,False,1.0,0.0,0.0,0.0,0.0,0.0,False,-1.0,0.0,0.0,False,0.0,False,1.0,0.0,0.0,0.0,0.0,0.0,False,-1.0,0.0,0.0,False,-0.00937500037252903,0.012500000186264515,10.106596078723669,10106,2176802,10.106596078723669,"[array([ 86.4315033 , 179.55937195,  -0.29832333]), array([ 0.        , -0.02073671,  0.        ])]"
1733924994156,0.0,[0. 0. 0.],[0. 0. 0.],False,43878.29296875,Landscape_0,[41266.27734375  9183.89160156  3939.41186523],104,104,38058,1.0,0.0,0.0,0.0,0.0,0.0,False,0.0,False,0.0,False,1.0,0.0,0.0,0.0,0.0,0.0,False,-1.0,0.0,0.0,False,0.0,False,1.0,0.0,0.0,0.0,0.0,0.0,False,-1.0,0.0,0.0,False,-0.00937500037252903,0.0062500000931322575,10.156596079468727,10156,2176852,10.156596079468727,"[array([ 86.4315033 , 179.55937195,  -0.29832333]), array([ 0.        , -0.02073671,  0.        ])]"
1733924994204,0.0,[0. 0. 0.],[0. 0. 0.],False,43878.29296875,Landscape_0,[41266.27734375  9183.89160156  3939.41186523],105,105,38064,1.0,0.0,0.0,0.0,0.0,0.0,False,0.0,False,0.0,False,1.0,0.0,0.0,0.0,0.0,0.0,False,-1.0,0.0,0.0,False,0.0,False,1.0,0.0,0.0,0.0,0.0,0.0,False,-1.0,0.0,0.0,False,-0.007499993313103914,0.012500000186264515,10.206596080213785,10206,2176902,10.206596080213785,"[array([ 86.4315033 , 179.55937195,  -0.29832333]), array([ 0.        , -0.02073671,  0.        ])]"
1733924994254,0.003508772002533078,[0. 0. 0.],[0. 0. 0.],False,43878.29296875,Landscape_0,[41266.27734375  9183.89160156  3939.41186523],106,106,38070,1.0,0.0,0.0,0.0,0.0,0.0,False,0.0,False,0.0,False,1.0,0.0,0.0,0.0,0.0,0.0,False,-1.0,0.0,0.0,False,0.0,False,1.0,0.0,0.0,0.0,0.0,0.0,False,-1.0,0.0,0.0,False,-0.00937500037252903,0.015625,10.256596080958843,10256,2176952,10.256596080958843,"[array([ 86.4315033 , 179.55937195,  -0.29832333]), array([ 0.        , -0.02073671,  0.        ])]"
1733924994304,0.003508772002533078,[0. 0. 0.],[0. 0. 0.],False,43878.29296875,Landscape_0,[41266.27734375  9183.89160156  3939.41186523],107,107,38076,1.0,0.0,0.0,0.0,0.0,0.0,False,0.0,False,0.0,False,1.0,0.0,0.0,0.0,0.0,0.0,False,-1.0,0.0,0.0,False,0.0,False,1.0,0.0,0.0,0.0,0.0,0.0,False,-1.0,0.0,0.0,False,-0.00937500037252903,0.015625,10.306596081703901,10306,2177002,10.306596081703901,"[array([ 86.4315033 , 179.55937195,  -0.29832333]), array([ 0.        , -0.02073671,  0.        ])]"
1733924994354,0.0,[0. 0. 0.],[0. 0. 0.],False,43878.29296875,Landscape_0,[41266.27734375  9183.89160156  3939.41186523],108,108,38082,1.0,0.0,0.0,0.0,0.0,0.0,False,0.0,False,0.0,False,1.0,0.0,0.0,0.0,0.0,0.0,False,-1.0,0.0,0.0,False,0.0,False,1.0,0.0,0.0,0.0,0.0,0.0,False,-1.0,0.0,0.0,False,-0.00937500037252903,0.015625,10.35659608244896,10356,2177052,10.35659608244896,"[array([ 86.4315033 , 179.55937195,  -0.29832333]), array([ 0.        , -0.02073671,  0.        ])]"
1733924994403,0.0,[0. 0. 0.],[0. 0. 0.],False,43878.29296875,Landscape_0,[41266.27734375  9183.89160156  3939.41186523],109,109,38088,1.0,0.0,0.0,0.0,0.0,0.0,False,0.0,False,0.0,False,1.0,0.0,0.0,0.0,0.0,0.0,False,-1.0,0.0,0.0,False,0.0,False,1.0,0.0,0.0,0.0,0.0,0.0,False,-1.0,0.0,0.0,False,-0.00937500037252903,0.015625,10.406596083194017,10406,2177102,10.406596083194017,"[array([ 86.4315033 , 179.55937195,  -0.29832333]), array([ 0.        , -0.02073671,  0.        ])]"
1733924994454,0.0,[0. 0. 0.],[0. 0. 0.],False,43878.29296875,Landscape_0,[41266.27734375  9183.89160156  3939.41186523],110,110,38094,1.0,0.0,0.0,0.0,0.0,0.0,False,0.0,False,0.0,False,1.0,0.0,0.0,0.0,0.0,0.0,False,-1.0,0.0,0.0,False,0.0,False,1.0,0.0,0.0,0.0,0.0,0.0,False,-1.0,0.0,0.0,False,-0.007499993313103914,0.015625,10.456596083939075,10456,2177152,10.456596083939075,"[array([ 86.4315033 , 179.55937195,  -0.29832333]), array([ 0.        , -0.02073671,  0.        ])]"
1733924994502,0.0,[0. 0. 0.],[0. 0. 0.],False,43878.29296875,Landscape_0,[41266.27734375  9183.89160156  3939.41186523],111,111,38100,1.0,0.0,0.0,0.0,0.0,0.0,False,0.0,False,0.0,False,1.0,0.0,0.0,0.0,0.0,0.0,False,-1.0,0.0,0.0,False,0.0,False,1.0,0.0,0.0,0.0,0.0,0.0,False,-1.0,0.0,0.0,False,-0.00937500037252903,0.012500000186264515,10.506596084684134,10506,2177202,10.506596084684134,"[array([ 86.4315033 , 179.55937195,  -0.29832333]), array([ 0.        , -0.02073671,  0.        ])]"
1733924994554,0.0,[0. 0. 0.],[0. 0. 0.],False,43878.29296875,Landscape_0,[41266.27734375  9183.89160156  3939.41186523],112,112,38106,1.0,0.0,0.0,0.0,0.0,0.0,False,0.0,False,0.0,False,1.0,0.0,0.0,0.0,0.0,0.0,False,-1.0,0.0,0.0,False,0.0,False,1.0,0.0,0.0,0.0,0.0,0.0,False,-1.0,0.0,0.0,False,-0.00937500037252903,0.015625,10.556596085429192,10556,2177252,10.556596085429192,"[array([ 86.4315033 , 179.55937195,  -0.29832333]), array([ 0.        , -0.02073671,  0.        ])]"
1733924994605,0.0,[0. 0. 0.],[0. 0. 0.],False,43878.29296875,Landscape_0,[41266.27734375  9183.89160156  3939.41186523],113,113,38112,1.0,0.0,0.0,0.0,0.0,0.0,False,0.0,False,0.0,False,1.0,0.0,0.0,0.0,0.0,0.0,False,-1.0,0.0,0.0,False,0.0,False,1.0,0.0,0.0,0.0,0.0,0.0,False,-1.0,0.0,0.0,False,-0.007499993313103914,0.012500000186264515,10.60659608617425,10606,2177302,10.60659608617425,"[array([ 86.4315033 , 179.55937195,  -0.29832333]), array([ 0.        , -0.02073671,  0.        ])]"
1733924994656,0.0,[0. 0. 0.],[0. 0. 0.],False,43878.29296875,Landscape_0,[41266.27734375  9183.89160156  3939.41186523],114,114,38118,1.0,0.0,0.0,0.0,0.0,0.0,False,0.0,False,0.0,False,1.0,0.0,0.0,0.0,0.0,0.0,False,-1.0,0.0,0.0,False,0.0,False,1.0,0.0,0.0,0.0,0.0,0.0,False,-1.0,0.0,0.0,False,-0.00937500037252903,0.015625,10.656596086919308,10656,2177352,10.656596086919308,"[array([ 86.4315033 , 179.55937195,  -0.29832333]), array([ 0.        , -0.02073671,  0.        ])]"
1733924994706,0.0,[0. 0. 0.],[0. 0. 0.],False,43878.29296875,Landscape_0,[41266.27734375  9183.89160156  3939.41186523],115,115,38124,1.0,0.0,0.0,0.0,0.0,0.0,False,0.0,False,0.0,False,1.0,0.0,0.0,0.0,0.0,0.0,False,-1.0,0.0,0.0,False,0.0,False,1.0,0.0,0.0,0.0,0.0,0.0,False,-1.0,0.0,0.0,False,-0.00937500037252903,0.015625,10.706596087664366,10706,2177402,10.706596087664366,"[array([ 86.4315033 , 179.55937195,  -0.29832333]), array([ 0.        , -0.02073671,  0.        ])]"
1733924994755,0.0,[0. 0. 0.],[0. 0. 0.],False,43878.29296875,Landscape_0,[41266.27734375  9183.89160156  3939.41186523],116,116,38130,1.0,0.0,0.0,0.0,0.0,0.0,False,0.0,False,0.0,False,1.0,0.0,0.0,0.0,0.0,0.0,False,-1.0,0.0,0.0,False,0.0,False,1.0,0.0,0.0,0.0,0.0,0.0,False,-1.0,0.0,0.0,False,-0.00937500037252903,0.015625,10.756596088409424,10756,2177452,10.756596088409424,"[array([ 86.4315033 , 179.55937195,  -0.29832333]), array([ 0.        , -0.02073671,  0.        ])]"
1733924994804,0.0,[0. 0. 0.],[0. 0. 0.],False,43878.29296875,Landscape_0,[41266.27734375  9183.89160156  3939.41186523],117,117,38136,1.0,0.0,0.0,0.0,0.0,0.0,False,0.0,False,0.0,False,1.0,0.0,0.0,0.0,0.0,0.0,False,-1.0,0.0,0.0,False,0.0,False,1.0,0.0,0.0,0.0,0.0,0.0,False,-1.0,0.0,0.0,False,-0.00937500037252903,0.012500000186264515,10.806596089154482,10806,2177502,10.806596089154482,"[array([ 86.4315033 , 179.55937195,  -0.29832333]), array([ 0.        , -0.02073671,  0.        ])]"
1733924994855,0.0,[0. 0. 0.],[0. 0. 0.],False,43878.29296875,Landscape_0,[41266.27734375  9183.89160156  3939.41186523],118,118,38142,1.0,0.0,0.0,0.0,0.0,0.0,False,0.0,False,0.0,False,1.0,0.0,0.0,0.0,0.0,0.0,False,-1.0,0.0,0.0,False,0.0,False,1.0,0.0,0.0,0.0,0.0,0.0,False,-1.0,0.0,0.0,False,-0.00937500037252903,0.012500000186264515,10.85659608989954,10856,2177552,10.85659608989954,"[array([ 86.4315033 , 179.55937195,  -0.29832333]), array([ 0.        , -0.02073671,  0.        ])]"
1733924994905,0.003508772002533078,[0. 0. 0.],[0. 0. 0.],False,43878.29296875,Landscape_0,[41266.27734375  9183.89160156  3939.41186523],119,119,38148,1.0,0.0,0.0,0.0,0.0,0.0,False,0.0,False,0.0,False,1.0,0.0,0.0,0.0,0.0,0.0,False,-1.0,0.0,0.0,False,0.0,False,1.0,0.0,0.0,0.0,0.0,0.0,False,-1.0,0.0,0.0,False,-0.007499993313103914,0.012500000186264515,10.906596090644598,10906,2177602,10.906596090644598,"[array([ 86.4315033 , 179.55937195,  -0.29832333]), array([ 0.        , -0.02073671,  0.        ])]"
1733924994957,0.0,[0. 0. 0.],[0. 0. 0.],False,43878.29296875,Landscape_0,[41266.27734375  9183.89160156  3939.41186523],120,120,38154,1.0,0.0,0.0,0.0,0.0,0.0,False,0.0,False,0.0,False,1.0,0.0,0.0,0.0,0.0,0.0,False,-1.0,0.0,0.0,False,0.0,False,1.0,0.0,0.0,0.0,0.0,0.0,False,-1.0,0.0,0.0,False,-0.00937500037252903,0.015625,10.956596091389656,10956,2177652,10.956596091389656,"[array([ 86.4315033 , 179.55937195,  -0.29832333]), array([ 0.        , -0.02073671,  0.        ])]"
1733924995006,0.0,[0. 0. 0.],[0. 0. 0.],False,43878.29296875,Landscape_0,[41266.27734375  9183.89160156  3939.41186523],121,121,38160,1.0,0.0,0.0,0.0,0.0,0.0,False,0.0,False,0.0,False,1.0,0.0,0.0,0.0,0.0,0.0,False,-1.0,0.0,0.0,False,0.0,False,1.0,0.0,0.0,0.0,0.0,0.0,False,-1.0,0.0,0.0,False,-0.00937500037252903,0.015625,11.006596092134714,11006,2177702,11.006596092134714,"[array([ 86.4315033 , 179.55937195,  -0.29832333]), array([ 0.        , -0.02073671,  0.        ])]"
1733924995055,0.0,[0. 0. 0.],[0. 0. 0.],False,43878.29296875,Landscape_0,[41266.27734375  9183.89160156  3939.41186523],122,122,38166,1.0,0.0,0.0,0.0,0.0,0.0,False,0.0,False,0.0,False,1.0,0.0,0.0,0.0,0.0,0.0,False,-1.0,0.0,0.0,False,0.0,False,1.0,0.0,0.0,0.0,0.0,0.0,False,-1.0,0.0,0.0,False,-0.00937500037252903,0.015625,11.056596092879772,11056,2177752,11.056596092879772,"[array([ 86.4315033 , 179.55937195,  -0.29832333]), array([ 0.        , -0.02073671,  0.        ])]"
1733924995105,0.003508772002533078,[0. 0. 0.],[0. 0. 0.],False,43878.29296875,Landscape_0,[41266.27734375  9183.89160156  3939.41186523],123,123,38172,1.0,0.0,0.0,0.0,0.0,0.0,False,0.0,False,0.0,False,1.0,0.0,0.0,0.0,0.0,0.0,False,-1.0,0.0,0.0,False,0.0,False,1.0,0.0,0.0,0.0,0.0,0.0,False,-1.0,0.0,0.0,False,-0.00937500037252903,0.012500000186264515,11.10659609362483,11106,2177802,11.10659609362483,"[array([ 86.4315033 , 179.55937195,  -0.29832333]), array([ 0.        , -0.02073671,  0.        ])]"
1733924995156,0.0,[0. 0. 0.],[0. 0. 0.],False,43878.29296875,Landscape_0,[41266.27734375  9183.89160156  3939.41186523],124,124,38178,1.0,0.0,0.0,0.0,0.0,0.0,False,0.0,False,0.0,False,1.0,0.0,0.0,0.0,0.0,0.0,False,-1.0,0.0,0.0,False,0.0,False,1.0,0.0,0.0,0.0,0.0,0.0,False,-1.0,0.0,0.0,False,-0.00937500037252903,0.0062500000931322575,11.156596094369888,11156,2177852,11.156596094369888,"[array([ 86.4315033 , 179.55937195,  -0.29832333]), array([ 0.        , -0.02073671,  0.        ])]"
1733924995206,0.0,[0. 0. 0.],[0. 0. 0.],False,43878.29296875,Landscape_0,[41266.27734375  9183.89160156  3939.41186523],125,125,38184,1.0,0.0,0.0,0.0,0.0,0.0,False,0.0,False,0.0,False,1.0,0.0,0.0,0.0,0.0,0.0,False,-1.0,0.0,0.0,False,0.0,False,1.0,0.0,0.0,0.0,0.0,0.0,False,-1.0,0.0,0.0,False,-0.00937500037252903,0.015625,11.206596095114946,11206,2177902,11.206596095114946,"[array([ 86.4315033 , 179.55937195,  -0.29832333]), array([ 0.        , -0.02073671,  0.        ])]"
1733924995258,0.0,[0. 0. 0.],[0. 0. 0.],False,43878.29296875,Landscape_0,[41266.27734375  9183.89160156  3939.41186523],126,126,38190,1.0,0.0,0.0,0.0,0.0,0.0,False,0.0,False,0.0,False,1.0,0.0,0.0,0.0,0.0,0.0,False,-1.0,0.0,0.0,False,0.0,False,1.0,0.0,0.0,0.0,0.0,0.0,False,-1.0,0.0,0.0,False,-0.00937500037252903,0.015625,11.256596095860004,11256,2177952,11.256596095860004,"[array([ 86.4315033 , 179.55937195,  -0.29832333]), array([ 0.        , -0.02073671,  0.        ])]"
1733924995308,0.0,[0. 0. 0.],[0. 0. 0.],False,43878.29296875,Landscape_0,[41266.27734375  9183.89160156  3939.41186523],127,127,38196,1.0,0.0,0.0,0.0,0.0,0.0,False,0.0,False,0.0,False,1.0,0.0,0.0,0.0,0.0,0.0,False,-1.0,0.0,0.0,False,0.0,False,1.0,0.0,0.0,0.0,0.0,0.0,False,-1.0,0.0,0.0,False,-0.00937500037252903,0.00937500037252903,11.306596096605062,11306,2178002,11.306596096605062,"[array([ 86.4315033 , 179.55937195,  -0.29832333]), array([ 0.        , -0.02073671,  0.        ])]"
1733924995356,0.0,[0. 0. 0.],[0. 0. 0.],False,43878.29296875,Landscape_0,[41266.27734375  9183.89160156  3939.41186523],128,128,38202,1.0,0.0,0.0,0.0,0.0,0.0,False,0.0,False,0.0,False,1.0,0.0,0.0,0.0,0.0,0.0,False,-1.0,0.0,0.0,False,0.0,False,1.0,0.0,0.0,0.0,0.0,0.0,False,-1.0,0.0,0.0,False,-0.00937500037252903,0.015625,11.35659609735012,11356,2178052,11.35659609735012,"[array([ 86.4315033 , 179.55937195,  -0.29832333]), array([ 0.        , -0.02073671,  0.        ])]"
1733924995406,0.0,[0. 0. 0.],[0. 0. 0.],False,43878.29296875,Landscape_0,[41266.27734375  9183.89160156  3939.41186523],129,129,38208,1.0,0.0,0.0,0.0,0.0,0.0,False,0.0,False,0.0,False,1.0,0.0,0.0,0.0,0.0,0.0,False,-1.0,0.0,0.0,False,0.0,False,1.0,0.0,0.0,0.0,0.0,0.0,False,-1.0,0.0,0.0,False,-0.00937500037252903,0.00937500037252903,11.406596098095179,11406,2178102,11.406596098095179,"[array([ 86.4315033 , 179.55937195,  -0.29832333]), array([ 0.        , -0.02073671,  0.        ])]"
1733924995456,0.0,[0. 0. 0.],[0. 0. 0.],False,43878.29296875,Landscape_0,[41266.27734375  9183.89160156  3939.41186523],130,130,38214,1.0,0.0,0.0,0.0,0.0,0.0,False,0.0,False,0.0,False,1.0,0.0,0.0,0.0,0.0,0.0,False,-1.0,0.0,0.0,False,0.0,False,1.0,0.0,0.0,0.0,0.0,0.0,False,-1.0,0.0,0.0,False,-0.00937500037252903,0.015625,11.456596098840237,11456,2178152,11.456596098840237,"[array([ 86.4315033 , 179.55937195,  -0.29832333]), array([ 0.        , -0.02073671,  0.        ])]"
1733924995506,0.0,[0. 0. 0.],[0. 0. 0.],False,43878.29296875,Landscape_0,[41266.27734375  9183.89160156  3939.41186523],131,131,38220,1.0,0.0,0.0,0.0,0.0,0.0,False,0.0,False,0.0,False,1.0,0.0,0.0,0.0,0.0,0.0,False,-1.0,0.0,0.0,False,0.0,False,1.0,0.0,0.0,0.0,0.0,0.0,False,-1.0,0.0,0.0,False,-0.00937500037252903,0.015625,11.506596099585295,11506,2178202,11.506596099585295,"[array([ 86.4315033 , 179.55937195,  -0.29832333]), array([ 0.        , -0.02073671,  0.        ])]"
1733924995558,0.0,[0. 0. 0.],[0. 0. 0.],False,43878.29296875,Landscape_0,[41266.27734375  9183.89160156  3939.41186523],132,132,38226,1.0,0.0,0.0,0.0,0.0,0.0,False,0.0,False,0.0,False,1.0,0.0,0.0,0.0,0.0,0.0,False,-1.0,0.0,0.0,False,0.0,False,1.0,0.0,0.0,0.0,0.0,0.0,False,-1.0,0.0,0.0,False,-0.00937500037252903,0.015625,11.556596100330353,11556,2178252,11.556596100330353,"[array([ 86.4315033 , 179.55937195,  -0.29832333]), array([ 0.        , -0.02073671,  0.        ])]"
1733924995608,0.0,[0. 0. 0.],[0. 0. 0.],False,43878.29296875,Landscape_0,[41266.27734375  9183.89160156  3939.41186523],133,133,38232,1.0,0.0,0.0,0.0,0.0,0.0,False,0.0,False,0.0,False,1.0,0.0,0.0,0.0,0.0,0.0,False,-1.0,0.0,0.0,False,0.0,False,1.0,0.0,0.0,0.0,0.0,0.0,False,-1.0,0.0,0.0,False,-0.007499993313103914,0.015625,11.60659610107541,11606,2178302,11.60659610107541,"[array([ 86.4315033 , 179.55937195,  -0.29832333]), array([ 0.        , -0.02073671,  0.        ])]"
1733924995658,0.0,[0. 0. 0.],[0. 0. 0.],False,43878.29296875,Landscape_0,[41266.27734375  9183.89160156  3939.41186523],134,134,38238,1.0,0.0,0.0,0.0,0.0,0.0,False,0.0,False,0.0,False,1.0,0.0,0.0,0.0,0.0,0.0,False,-1.0,0.0,0.0,False,0.0,False,1.0,0.0,0.0,0.0,0.0,0.0,False,-1.0,0.0,0.0,False,-0.00937500037252903,0.015625,11.656596101820469,11656,2178352,11.656596101820469,"[array([ 86.4315033 , 179.55937195,  -0.29832333]), array([ 0.        , -0.02073671,  0.        ])]"
1733924995708,0.0,[0. 0. 0.],[0. 0. 0.],False,43878.29296875,Landscape_0,[41266.27734375  9183.89160156  3939.41186523],135,135,38244,1.0,0.0,0.0,0.0,0.0,0.0,False,0.0,False,0.0,False,1.0,0.0,0.0,0.0,0.0,0.0,False,-1.0,0.0,0.0,False,0.0,False,1.0,0.0,0.0,0.0,0.0,0.0,False,-1.0,0.0,0.0,False,-0.00937500037252903,0.015625,11.706596102565527,11706,2178402,11.706596102565527,"[array([ 86.4315033 , 179.55937195,  -0.29832333]), array([ 0.        , -0.02073671,  0.        ])]"
1733924995759,0.0,[0. 0. 0.],[0. 0. 0.],False,43878.29296875,Landscape_0,[41266.27734375  9183.89160156  3939.41186523],136,136,38250,1.0,0.0,0.0,0.0,0.0,0.0,False,0.0,False,0.0,False,1.0,0.0,0.0,0.0,0.0,0.0,False,-1.0,0.0,0.0,False,0.0,False,1.0,0.0,0.0,0.0,0.0,0.0,False,-1.0,0.0,0.0,False,-0.007499993313103914,0.012500000186264515,11.756596103310585,11756,2178452,11.756596103310585,"[array([ 86.4315033 , 179.55937195,  -0.29832333]), array([ 0.        , -0.02073671,  0.        ])]"
1733924995808,0.003508772002533078,[0. 0. 0.],[0. 0. 0.],False,43878.29296875,Landscape_0,[41266.27734375  9183.89160156  3939.41186523],137,137,38256,1.0,0.0,0.0,0.0,0.0,0.0,False,0.0,False,0.0,False,1.0,0.0,0.0,0.0,0.0,0.0,False,-1.0,0.0,0.0,False,0.0,False,1.0,0.0,0.0,0.0,0.0,0.0,False,-1.0,0.0,0.0,False,-0.00937500037252903,0.012500000186264515,11.806596104055643,11806,2178502,11.806596104055643,"[array([ 86.4315033 , 179.55937195,  -0.29832333]), array([ 0.        , -0.02073671,  0.        ])]"
1733924995852,0.0,[0. 0. 0.],[0. 0. 0.],False,43878.29296875,Landscape_0,[41266.27734375  9183.89160156  3939.41186523],138,138,38262,1.0,0.0,0.0,0.0,0.0,0.0,False,0.0,False,0.0,False,1.0,0.0,0.0,0.0,0.0,0.0,False,-1.0,0.0,0.0,False,0.0,False,1.0,0.0,0.0,0.0,0.0,0.0,False,-1.0,0.0,0.0,False,-0.00937500037252903,0.0062500000931322575,11.856596104800701,11856,2178552,11.856596104800701,"[array([ 86.4315033 , 179.55937195,  -0.29832333]), array([ 0.        , -0.02073671,  0.        ])]"
1733924996097,0.0,[0. 0. 0.],[0. 0. 0.],False,43878.29296875,Landscape_0,[41266.27734375  9183.89160156  3939.41186523],139,139,38289,1.0,0.0,0.0,0.0,0.0,0.0,False,0.0,False,0.0,False,1.0,0.0,0.0,0.0,0.0,0.0,False,-1.0,0.0,0.0,False,0.0,False,1.0,0.0,0.0,0.0,0.0,0.0,False,-1.0,0.0,0.0,False,-0.007499993313103914,0.015625,11.90659610554576,11906,2178777,11.90659610554576,"[array([ 86.4315033 , 179.55937195,  -0.29832333]), array([ 0.        , -0.02073671,  0.        ])]"
1733924996163,0.0,[0. 0. 0.],[0. 0. 0.],False,43878.29296875,Landscape_0,[41266.27734375  9183.89160156  3939.41186523],140,140,38298,1.0,0.0,0.0,0.0,0.0,0.0,False,0.0,False,0.0,False,1.0,0.0,0.0,0.0,0.0,0.0,False,-1.0,0.0,0.0,False,0.0,False,1.0,0.0,0.0,0.0,0.0,0.0,False,-1.0,0.0,0.0,False,-0.00937500037252903,0.012500000186264515,11.956596106290817,11956,2178852,11.956596106290817,"[array([ 86.4315033 , 179.55937195,  -0.29832333]), array([ 0.        , -0.02073671,  0.        ])]"
1733924996224,0.0,[0. 0. 0.],[0. 0. 0.],False,43878.29296875,Landscape_0,[41266.27734375  9183.89160156  3939.41186523],141,141,38307,1.0,0.0,0.0,0.0,0.0,0.0,False,0.0,False,0.0,False,1.0,0.0,0.0,0.0,0.0,0.0,False,-1.0,0.0,0.0,False,0.0,False,1.0,0.0,0.0,0.0,0.0,0.0,False,-1.0,0.0,0.0,False,-0.00937500037252903,0.0062500000931322575,12.006596107035875,12006,2178927,12.006596107035875,"[array([ 86.4315033 , 179.55937195,  -0.29832333]), array([ 0.        , -0.02073671,  0.        ])]"
1733924996331,0.0,[0. 0. 0.],[0. 0. 0.],False,43878.29296875,Landscape_0,[41266.27734375  9183.89160156  3939.41186523],142,142,38316,1.0,0.0,0.0,0.0,0.0,0.0,False,0.0,False,0.0,False,1.0,0.0,0.0,0.0,0.0,0.0,False,-1.0,0.0,0.0,False,0.0,False,1.0,0.0,0.0,0.0,0.0,0.0,False,-1.0,0.0,0.0,False,-0.00937500037252903,0.015625,12.056596107780933,12056,2179002,12.056596107780933,"[array([ 86.4315033 , 179.55937195,  -0.29832333]), array([ 0.        , -0.02073671,  0.        ])]"
1733924996349,0.0,[0. 0. 0.],[0. 0. 0.],False,43878.29296875,Landscape_0,[41266.27734375  9183.89160156  3939.41186523],143,143,38325,1.0,0.0,0.0,0.0,0.0,0.0,False,0.0,False,0.0,False,1.0,0.0,0.0,0.0,0.0,0.0,False,-1.0,0.0,0.0,False,0.0,False,1.0,0.0,0.0,0.0,0.0,0.0,False,-1.0,0.0,0.0,False,-0.00937500037252903,0.015625,12.106596108525991,12106,2179077,12.106596108525991,"[array([ 86.4315033 , 179.55937195,  -0.29832333]), array([ 0.        , -0.02073671,  0.        ])]"
1733924996476,0.0,[0. 0. 0.],[0. 0. 0.],False,43878.29296875,Landscape_0,[41266.27734375  9183.89160156  3939.41186523],144,144,38334,1.0,0.0,0.0,0.0,0.0,0.0,False,0.0,False,0.0,False,1.0,0.0,0.0,0.0,0.0,0.0,False,-1.0,0.0,0.0,False,0.0,False,1.0,0.0,0.0,0.0,0.0,0.0,False,-1.0,0.0,0.0,False,-0.007499993313103914,0.0062500000931322575,12.15659610927105,12156,2179152,12.15659610927105,"[array([ 86.4315033 , 179.55937195,  -0.29832333]), array([ 0.        , -0.02073671,  0.        ])]"
1733924996553,0.0,[0. 0. 0.],[0. 0. 0.],False,43878.29296875,Landscape_0,[41266.27734375  9183.89160156  3939.41186523],145,145,38344,1.0,0.0,0.0,0.0,0.0,0.0,False,0.0,False,0.0,False,1.0,0.0,0.0,0.0,0.0,0.0,False,-1.0,0.0,0.0,False,0.0,False,1.0,0.0,0.0,0.0,0.0,0.0,False,-1.0,0.0,0.0,False,-0.00937500037252903,0.012500000186264515,12.206596110016108,12206,2179235,12.206596110016108,"[array([ 86.4315033 , 179.55937195,  -0.29832333]), array([ 0.        , -0.02073671,  0.        ])]"
1733924996607,0.0,[0. 0. 0.],[0. 0. 0.],False,43878.29296875,Landscape_0,[41266.27734375  9183.89160156  3939.41186523],146,146,38353,1.0,0.0,0.0,0.0,0.0,0.0,False,0.0,False,0.0,False,1.0,0.0,0.0,0.0,0.0,0.0,False,-1.0,0.0,0.0,False,0.0,False,1.0,0.0,0.0,0.0,0.0,0.0,False,-1.0,0.0,0.0,False,-0.00937500037252903,0.012500000186264515,12.256596110761166,12256,2179310,12.256596110761166,"[array([ 86.4315033 , 179.55937195,  -0.29832333]), array([ 0.        , -0.02073671,  0.        ])]"
1733924996708,0.003508772002533078,[0. 0. 0.],[0. 0. 0.],False,43878.29296875,Landscape_0,[41266.27734375  9183.89160156  3939.41186523],147,147,38362,1.0,0.0,0.0,0.0,0.0,0.0,False,0.0,False,0.0,False,1.0,0.0,0.0,0.0,0.0,0.0,False,-1.0,0.0,0.0,False,0.0,False,1.0,0.0,0.0,0.0,0.0,0.0,False,-1.0,0.0,0.0,False,-0.00937500037252903,0.015625,12.306596111506224,12306,2179385,12.306596111506224,"[array([ 86.4315033 , 179.55937195,  -0.29832333]), array([ 0.        , -0.02073671,  0.        ])]"
1733924996788,0.0,[0. 0. 0.],[0. 0. 0.],False,43878.29296875,Landscape_0,[41266.27734375  9183.89160156  3939.41186523],148,148,38371,1.0,0.0,0.0,0.0,0.0,0.0,False,0.0,False,0.0,False,1.0,0.0,0.0,0.0,0.0,0.0,False,-1.0,0.0,0.0,False,0.0,False,1.0,0.0,0.0,0.0,0.0,0.0,False,-1.0,0.0,0.0,False,-0.00937500037252903,0.012500000186264515,12.356596112251282,12356,2179460,12.356596112251282,"[array([ 86.4315033 , 179.55937195,  -0.29832333]), array([ 0.        , -0.02073671,  0.        ])]"
1733924996832,0.0,[0. 0. 0.],[0. 0. 0.],False,43878.29296875,Landscape_0,[41266.27734375  9183.89160156  3939.41186523],149,149,38380,1.0,0.0,0.0,0.0,0.0,0.0,False,0.0,False,0.0,False,1.0,0.0,0.0,0.0,0.0,0.0,False,-1.0,0.0,0.0,False,0.0,False,1.0,0.0,0.0,0.0,0.0,0.0,False,-1.0,0.0,0.0,False,-0.00937500037252903,0.012500000186264515,12.40659611299634,12406,2179535,12.40659611299634,"[array([ 86.4315033 , 179.55937195,  -0.29832333]), array([ 0.        , -0.02073671,  0.        ])]"
1733924996932,0.0,[0. 0. 0.],[0. 0. 0.],False,43878.29296875,Landscape_0,[41266.27734375  9183.89160156  3939.41186523],150,150,38389,1.0,0.0,0.0,0.0,0.0,0.0,False,0.0,False,0.0,False,1.0,0.0,0.0,0.0,0.0,0.0,False,-1.0,0.0,0.0,False,0.0,False,1.0,0.0,0.0,0.0,0.0,0.0,False,-1.0,0.0,0.0,False,-0.00937500037252903,0.015625,12.456596113741398,12456,2179610,12.456596113741398,"[array([ 86.4315033 , 179.55937195,  -0.29832333]), array([ 0.        , -0.02073671,  0.        ])]"
1733924996982,0.0,[0. 0. 0.],[0. 0. 0.],False,43878.29296875,Landscape_0,[41266.27734375  9183.89160156  3939.41186523],151,151,38398,1.0,0.0,0.0,0.0,0.0,0.0,False,0.0,False,0.0,False,1.0,0.0,0.0,0.0,0.0,0.0,False,-1.0,0.0,0.0,False,0.0,False,1.0,0.0,0.0,0.0,0.0,0.0,False,-1.0,0.0,0.0,False,-0.00937500037252903,0.012500000186264515,12.506596114486456,12506,2179685,12.506596114486456,"[array([ 86.4315033 , 179.55937195,  -0.29832333]), array([ 0.        , -0.02073671,  0.        ])]"
1733924997058,0.0,[0. 0. 0.],[0. 0. 0.],False,43878.29296875,Landscape_0,[41266.27734375  9183.89160156  3939.41186523],152,152,38407,1.0,0.0,0.0,0.0,0.0,0.0,False,0.0,False,0.0,False,1.0,0.0,0.0,0.0,0.0,0.0,False,-1.0,0.0,0.0,False,0.0,False,1.0,0.0,0.0,0.0,0.0,0.0,False,-1.0,0.0,0.0,False,-0.00937500037252903,0.015625,12.556596115231514,12556,2179760,12.556596115231514,"[array([ 86.4315033 , 179.55937195,  -0.29832333]), array([ 0.        , -0.02073671,  0.        ])]"
1733924997136,0.0,[0. 0. 0.],[0. 0. 0.],False,43878.29296875,Landscape_0,[41266.27734375  9183.89160156  3939.41186523],153,153,38416,1.0,0.0,0.0,0.0,0.0,0.0,False,0.0,False,0.0,False,1.0,0.0,0.0,0.0,0.0,0.0,False,-1.0,0.0,0.0,False,0.0,False,1.0,0.0,0.0,0.0,0.0,0.0,False,-1.0,0.0,0.0,False,-0.00937500037252903,0.012500000186264515,12.606596115976572,12606,2179835,12.606596115976572,"[array([ 86.4315033 , 179.55937195,  -0.29832333]), array([ 0.        , -0.02073671,  0.        ])]"
1733924997236,0.0,[0. 0. 0.],[0. 0. 0.],False,43878.29296875,Landscape_0,[41266.27734375  9183.89160156  3939.41186523],154,154,38425,1.0,0.0,0.0,0.0,0.0,0.0,False,0.0,False,0.0,False,1.0,0.0,0.0,0.0,0.0,0.0,False,-1.0,0.0,0.0,False,0.0,False,1.0,0.0,0.0,0.0,0.0,0.0,False,-1.0,0.0,0.0,False,-0.00937500037252903,0.015625,12.65659611672163,12656,2179910,12.65659611672163,"[array([ 86.4315033 , 179.55937195,  -0.29832333]), array([ 0.        , -0.02073671,  0.        ])]"
1733924997284,0.007017544005066156,[0. 0. 0.],[0. 0. 0.],False,43878.29296875,Landscape_0,[41266.27734375  9183.89160156  3939.41186523],155,155,38434,1.0,0.0,0.0,0.0,0.0,0.0,False,0.0,False,0.0,False,1.0,0.0,0.0,0.0,0.0,0.0,False,-1.0,0.0,0.0,False,0.0,False,1.0,0.0,0.0,0.0,0.0,0.0,False,-1.0,0.0,0.0,False,-0.00937500037252903,0.012500000186264515,12.706596117466688,12706,2179985,12.706596117466688,"[array([ 86.4315033 , 179.55937195,  -0.29832333]), array([ 0.        , -0.02073671,  0.        ])]"
1733924997388,0.0,[0. 0. 0.],[0. 0. 0.],False,43878.29296875,Landscape_0,[41266.27734375  9183.89160156  3939.41186523],156,156,38443,1.0,0.0,0.0,0.0,0.0,0.0,False,0.0,False,0.0,False,1.0,0.0,0.0,0.0,0.0,0.0,False,-1.0,0.0,0.0,False,0.0,False,1.0,0.0,0.0,0.0,0.0,0.0,False,-1.0,0.0,0.0,False,-0.00937500037252903,0.0062500000931322575,12.756596118211746,12756,2180060,12.756596118211746,"[array([ 86.4315033 , 179.55937195,  -0.29832333]), array([ 0.        , -0.02073671,  0.        ])]"
1733924997448,0.0,[0. 0. 0.],[0. 0. 0.],False,43878.29296875,Landscape_0,[41266.27734375  9183.89160156  3939.41186523],157,157,38453,1.0,0.0,0.0,0.0,0.0,0.0,False,0.0,False,0.0,False,1.0,0.0,0.0,0.0,0.0,0.0,False,-1.0,0.0,0.0,False,0.0,False,1.0,0.0,0.0,0.0,0.0,0.0,False,-1.0,0.0,0.0,False,-0.00937500037252903,0.015625,12.806596118956804,12806,2180143,12.806596118956804,"[array([ 86.4315033 , 179.55937195,  -0.29832333]), array([ 0.        , -0.02073671,  0.        ])]"
1733924997537,0.0,[0. 0. 0.],[0. 0. 0.],False,43878.29296875,Landscape_0,[41266.27734375  9183.89160156  3939.41186523],158,158,38461,1.0,0.0,0.0,0.0,0.0,0.0,False,0.0,False,0.0,False,1.0,0.0,0.0,0.0,0.0,0.0,False,-1.0,0.0,0.0,False,0.0,False,1.0,0.0,0.0,0.0,0.0,0.0,False,-1.0,0.0,0.0,False,-0.00937500037252903,0.012500000186264515,12.856596119701862,12856,2180210,12.856596119701862,"[array([ 86.4315033 , 179.55937195,  -0.29832333]), array([ 0.        , -0.02073671,  0.        ])]"
1733924997620,0.0,[0. 0. 0.],[0. 0. 0.],False,43878.29296875,Landscape_0,[41266.27734375  9183.89160156  3939.41186523],159,159,38471,1.0,0.0,0.0,0.0,0.0,0.0,False,0.0,False,0.0,False,1.0,0.0,0.0,0.0,0.0,0.0,False,-1.0,0.0,0.0,False,0.0,False,1.0,0.0,0.0,0.0,0.0,0.0,False,-1.0,0.0,0.0,False,-0.00937500037252903,0.012500000186264515,12.90659612044692,12906,2180293,12.90659612044692,"[array([ 86.4315033 , 179.55937195,  -0.29832333]), array([ 0.        , -0.02073671,  0.        ])]"
1733924997696,0.0,[0. 0. 0.],[0. 0. 0.],False,43878.29296875,Landscape_0,[41266.27734375  9183.89160156  3939.41186523],160,160,38480,1.0,0.0,0.0,0.0,0.0,0.0,False,0.0,False,0.0,False,1.0,0.0,0.0,0.0,0.0,0.0,False,-1.0,0.0,0.0,False,0.0,False,1.0,0.0,0.0,0.0,0.0,0.0,False,-1.0,0.0,0.0,False,-0.00937500037252903,0.012500000186264515,12.956596121191978,12956,2180368,12.956596121191978,"[array([ 86.4315033 , 179.55937195,  -0.29832333]), array([ 0.        , -0.02073671,  0.        ])]"
1733924997772,0.0,[0. 0. 0.],[0. 0. 0.],False,43878.29296875,Landscape_0,[41266.27734375  9183.89160156  3939.41186523],161,161,38489,1.0,0.0,0.0,0.0,0.0,0.0,False,0.0,False,0.0,False,1.0,0.0,0.0,0.0,0.0,0.0,False,-1.0,0.0,0.0,False,0.0,False,1.0,0.0,0.0,0.0,0.0,0.0,False,-1.0,0.0,0.0,False,-0.00937500037252903,2.015625,13.006596121937037,13006,2180443,13.006596121937037,"[array([ 86.42966461, 179.56001282,  -0.30063051]), array([-1.22260384e-03, -2.04050131e-02, -2.86788090e-05])]"
1733924997839,0.0,[0. 0. 0.],[0. 0. 0.],False,43878.29296875,Landscape_0,[41266.27734375  9183.89160156  3939.41186523],162,162,38498,1.0,0.0,0.0,0.0,0.0,0.0,False,0.0,False,0.0,False,1.0,0.0,0.0,0.0,0.0,0.0,False,-1.0,0.0,0.0,False,0.0,False,1.0,0.0,0.0,0.0,0.0,0.0,False,-1.0,0.0,0.0,False,-0.007499993313103914,2.012500047683716,13.056596122682095,13056,2180518,13.056596122682095,"[array([ 86.42942047, 179.56008911,  -0.29861742]), array([-1.57094342e-04, -2.03666333e-02,  2.29840552e-07])]"
1733924997895,0.0,[0. 0. 0.],[0. 0. 0.],False,43877.3515625,Landscape_0,[41265.29296875  9184.14160156  3938.39257812],163,163,38507,1.0,0.0,0.0,0.0,0.0,0.0,False,0.0,False,0.0,False,1.0,0.0,0.0,0.0,0.0,0.0,False,-1.0,0.0,0.0,False,0.0,False,1.0,0.0,0.0,0.0,0.0,0.0,False,-1.0,0.0,0.0,False,-0.00937500037252903,2.012500047683716,13.106596123427153,13106,2180593,13.106596123427153,"[array([ 86.45030212, 179.53535461,  -0.2945559 ]), array([ 1.95343397e-03, -3.32060121e-02, -2.94242432e-06])]"
1733924997995,0.0,[0. 0. 0.],[0. 0. 0.],False,43878.390625,Landscape_0,[41266.23828125  9184.17382812  3939.30566406],164,164,38517,1.0,0.0,0.0,0.0,0.0,0.0,False,0.0,False,0.0,False,1.0,0.0,0.0,0.0,0.0,0.0,False,-1.0,0.0,0.0,False,0.0,False,1.0,0.0,0.0,0.0,0.0,0.0,False,-1.0,0.0,0.0,False,-0.00937500037252903,2.015625,13.15659612417221,13156,2180676,13.15659612417221,"[array([ 86.46731567, 179.52636719,  -0.27952316]), array([ 9.81498137e-03, -3.78596149e-02,  6.89075823e-05])]"
1733924998071,0.0,[0. 0. 0.],[0. 0. 0.],False,43877.7265625,Landscape_0,[41265.55078125  9174.38964844  3940.85058594],165,165,38525,1.0,0.0,0.0,0.0,0.0,0.0,False,0.0,False,0.0,False,1.0,0.0,0.0,0.0,0.0,0.0,False,-1.0,0.0,0.0,False,0.0,False,1.0,0.0,0.0,0.0,0.0,0.0,False,-1.0,0.0,0.0,False,-0.00937500037252903,2.012500047683716,13.206596124917269,13206,2180743,13.206596124917269,"[array([ 86.4981842 , 179.51647949,  -0.25639039]), array([ 0.02206151, -0.04294744,  0.00036663])]"
1733924998142,0.0,[0. 0. 0.],[0. 0. 0.],False,43883.0703125,Landscape_0,[41271.31640625  9170.84960938  3947.30859375],166,166,38535,1.0,0.0,0.0,0.0,0.0,0.0,False,0.0,False,0.0,False,1.0,0.0,0.0,0.0,0.0,0.0,False,-1.0,0.0,0.0,False,0.0,False,1.0,0.0,0.0,0.0,0.0,0.0,False,-1.0,0.0,0.0,False,-0.00937500037252903,2.015625,13.256596125662327,13256,2180826,13.256596125662327,"[array([ 86.55939484, 179.4848938 ,  -0.23609985]), array([ 0.032942  , -0.05920861,  0.00080191])]"
1733924998220,0.0,[0. 0. 0.],[0. 0. 0.],False,43890.98046875,Landscape_0,[41280.65234375  9166.9921875   3957.3347168 ],167,167,38544,1.0,0.0,0.0,0.0,0.0,0.0,False,0.0,False,0.0,False,1.0,0.0,0.0,0.0,0.0,0.0,False,-1.0,0.0,0.0,False,0.0,False,1.0,0.0,0.0,0.0,0.0,0.0,False,-1.0,0.0,0.0,False,-0.007499993313103914,2.015625,13.306596126407385,13306,2180901,13.306596126407385,"[array([ 86.64311981, 179.44241333,  -0.21870573]), array([ 0.04190321, -0.08111168,  0.00071527])]"
1733924998295,0.003508772002533078,[0. 0. 0.],[0. 0. 0.],False,10792.6455078125,TreePine_497,[8312.8046875  9138.96972656 1061.9609375 ],168,168,38553,1.0,0.0,0.0,0.0,0.0,0.0,False,0.0,False,0.0,False,1.0,0.0,0.0,0.0,0.0,0.0,False,-1.0,0.0,0.0,False,0.0,False,1.0,0.0,0.0,0.0,0.0,0.0,False,-1.0,0.0,0.0,False,-0.00937500037252903,2.015625,13.356596127152443,13356,2180976,13.356596127152443,"[array([ 86.18260193, 180.07051086,  -0.24810757]), array([0.0273071 , 0.24571463, 0.00154531])]"
1733924998371,0.0,[0. 0. 0.],[0. 0. 0.],False,10787.69140625,TreePine_497,[8312.70410156 9134.8515625  1063.20068359],169,169,38562,1.0,0.0,0.0,0.0,0.0,0.0,False,0.0,False,0.0,False,1.0,0.0,0.0,0.0,0.0,0.0,False,-1.0,0.0,0.0,False,0.0,False,1.0,0.0,0.0,0.0,0.0,0.0,False,-1.0,0.0,0.0,False,-0.00937500037252903,2.012500047683716,13.406596127897501,13406,2181051,13.406596127897501,"[array([ 86.12427521, 180.1968689 ,  -0.2509619 ]), array([ 2.45340373e-02,  3.11924905e-01, -6.74727562e-05])]"
1733924998458,0.0,[0. 0. 0.],[0. 0. 0.],False,43919.76171875,Landscape_0,[41321.2421875   9387.1484375   3963.85058594],170,170,38571,1.0,0.0,0.0,0.0,0.0,0.0,False,0.0,False,0.0,False,1.0,0.0,0.0,0.0,0.0,0.0,False,-1.0,0.0,0.0,False,0.0,False,1.0,0.0,0.0,0.0,0.0,0.0,False,-1.0,0.0,0.0,False,-0.00937500037252903,2.0093750953674316,13.456596128642559,13456,2181126,13.456596128642559,"[array([ 86.20658112, 180.17784119,  -0.22142753]), array([ 0.0388706 ,  0.30204245, -0.00130978])]"
1733924998527,0.0,[0. 0. 0.],[0. 0. 0.],False,43919.53515625,Landscape_0,[41325.31640625  9437.46972656  3961.71923828],171,171,38580,1.0,0.0,0.0,0.0,0.0,0.0,False,0.0,False,0.0,False,1.0,0.0,0.0,0.0,0.0,0.0,False,-1.0,0.0,0.0,False,0.0,False,1.0,0.0,0.0,0.0,0.0,0.0,False,-1.0,0.0,0.0,False,-0.00937500037252903,2.015625,13.506596129387617,13506,2181201,13.506596129387617,"[array([ 86.31734467, 180.15112305,  -0.19071412]), array([ 0.05494887,  0.28808612, -0.00115088])]"
1733924998589,0.0,[0. 0. 0.],[0. 0. 0.],False,43924.58984375,Landscape_0,[41336.1015625   9429.87011719  3973.10302734],172,172,38589,1.0,0.0,0.0,0.0,0.0,0.0,False,0.0,False,0.0,False,1.0,0.0,0.0,0.0,0.0,0.0,False,-1.0,0.0,0.0,False,0.0,False,1.0,0.0,0.0,0.0,0.0,0.0,False,-1.0,0.0,0.0,False,0.0,2.012500047683716,13.556596130132675,13556,2181276,13.556596130132675,"[array([ 8.64436493e+01,  1.80130539e+02, -1.66363597e-01]), array([ 0.06684022,  0.27707326, -0.00208433])]"
1733924998682,0.0,[0. 0. 0.],[0. 0. 0.],False,43928.41015625,Landscape_0,[41347.7734375   9419.25878906  3985.69506836],173,173,38599,1.0,0.0,0.0,0.0,0.0,0.0,False,0.0,False,0.0,False,1.0,0.0,0.0,0.0,0.0,0.0,False,-1.0,0.0,0.0,False,0.0,False,1.0,0.0,0.0,0.0,0.0,0.0,False,-1.0,0.0,0.0,False,-0.00937500037252903,2.015625,13.606596130877733,13606,2181360,13.606596130877733,"[array([ 8.66020203e+01,  1.80093277e+02, -1.53152198e-01]), array([ 0.07505695,  0.25752753, -0.00038771])]"
1733924998763,0.0,[0. 0. 0.],[0. 0. 0.],False,43926.40234375,Landscape_0,[41355.91796875  9410.82910156  3994.59936523],174,174,38608,1.0,0.0,0.0,0.0,0.0,0.0,False,0.0,False,0.0,False,1.0,0.0,0.0,0.0,0.0,0.0,False,-1.0,0.0,0.0,False,0.0,False,1.0,0.0,0.0,0.0,0.0,0.0,False,-1.0,0.0,0.0,False,0.0,2.012500047683716,13.656596131622791,13656,2181435,13.656596131622791,"[array([ 8.67610550e+01,  1.80079803e+02, -1.39487192e-01]), array([ 0.08150464,  0.25018293, -0.00119089])]"
1733924998836,0.003508772002533078,[0. 0. 0.],[0. 0. 0.],False,43917.85546875,Landscape_0,[41359.7265625   9396.00976562  4000.10546875],175,175,38617,1.0,0.0,0.0,0.0,0.0,0.0,False,0.0,False,0.0,False,1.0,0.0,0.0,0.0,0.0,0.0,False,-1.0,0.0,0.0,False,0.0,False,1.0,0.0,0.0,0.0,0.0,0.0,False,-1.0,0.0,0.0,False,-0.00937500037252903,2.015625,13.70659613236785,13706,2181510,13.70659613236785,"[array([ 8.69674683e+01,  1.80031448e+02, -1.33046895e-01]), array([0.08633359, 0.2248631 , 0.00066571])]"
1733924998885,0.0,[0. 0. 0.],[0. 0. 0.],False,43906.73046875,Landscape_0,[41362.9921875   9390.34765625  4004.04272461],176,176,38626,1.0,0.0,0.0,0.0,0.0,0.0,False,0.0,False,0.0,False,1.0,0.0,0.0,0.0,0.0,0.0,False,-1.0,0.0,0.0,False,0.0,False,1.0,0.0,0.0,0.0,0.0,0.0,False,-1.0,0.0,0.0,False,-0.00937500037252903,2.015625,13.756596133112907,13756,2181584,13.756596133112907,"[array([ 8.72105560e+01,  1.79960327e+02, -1.29668802e-01]), array([0.08911347, 0.18786646, 0.00194554])]"
1733924998986,0.0,[0. 0. 0.],[0. 0. 0.],False,43889.78125,Landscape_0,[41362.6015625   9371.10351562  4006.21289062],177,177,38635,1.0,0.0,0.0,0.0,0.0,0.0,False,0.0,False,0.0,False,1.0,0.0,0.0,0.0,0.0,0.0,False,-1.0,0.0,0.0,False,0.0,False,1.0,0.0,0.0,0.0,0.0,0.0,False,-1.0,0.0,0.0,False,-0.00937500037252903,2.012500047683716,13.806596133857965,13806,2181659,13.806596133857965,"[array([ 8.74781799e+01,  1.79880737e+02, -1.28215298e-01]), array([0.09032924, 0.14657928, 0.00253318])]"
1733924999068,0.003508772002533078,[0. 0. 0.],[0. 0. 0.],False,43867.30859375,Landscape_0,[41358.75390625  9342.88085938  4006.33813477],178,178,38644,1.0,0.0,0.0,0.0,0.0,0.0,False,0.0,False,0.0,False,1.0,0.0,0.0,0.0,0.0,0.0,False,-1.0,0.0,0.0,False,0.0,False,1.0,0.0,0.0,0.0,0.0,0.0,False,-1.0,0.0,0.0,False,-0.00937500037252903,2.015625,13.856596134603024,13856,2181734,13.856596134603024,"[array([ 8.77685547e+01,  1.79794449e+02, -1.28224388e-01]), array([0.09060246, 0.10190659, 0.00287358])]"
1733924999134,0.0,[0. 0. 0.],[0. 0. 0.],False,43840.7890625,Landscape_0,[41352.7734375   9311.33984375  4004.91113281],179,179,38654,1.0,0.0,0.0,0.0,0.0,0.0,False,0.0,False,0.0,False,1.0,0.0,0.0,0.0,0.0,0.0,False,-1.0,0.0,0.0,False,0.0,False,1.0,0.0,0.0,0.0,0.0,0.0,False,-1.0,0.0,0.0,False,-0.00937500037252903,2.012500047683716,13.906596135348082,13906,2181818,13.906596135348082,"[array([ 8.80810852e+01,  1.79701736e+02, -1.29100055e-01]), array([0.0903634 , 0.05403443, 0.00315279])]"
1733924999224,0.0,[0. 0. 0.],[0. 0. 0.],False,43811.05859375,Landscape_0,[41345.40234375  9277.21582031  4002.48144531],180,180,38663,1.0,0.0,0.0,0.0,0.0,0.0,False,0.0,False,0.0,False,1.0,0.0,0.0,0.0,0.0,0.0,False,-1.0,0.0,0.0,False,0.0,False,1.0,0.0,0.0,0.0,0.0,0.0,False,-1.0,0.0,0.0,False,-0.00937500037252903,2.012500047683716,13.95659613609314,13956,2181893,13.95659613609314,"[array([ 8.84154892e+01,  1.79602753e+02, -1.30296886e-01]), array([0.08990578, 0.00305908, 0.0034649 ])]"
1733924999292,0.0,[0. 0. 0.],[0. 0. 0.],False,43778.58203125,Landscape_0,[41337.0390625   9240.67675781  3999.41796875],181,181,38672,1.0,0.0,0.0,0.0,0.0,0.0,False,0.0,False,0.0,False,1.0,0.0,0.0,0.0,0.0,0.0,False,-1.0,0.0,0.0,False,0.0,False,1.0,0.0,0.0,0.0,0.0,0.0,False,-1.0,0.0,0.0,False,-0.00937500037252903,2.012500047683716,14.006596136838198,14006,2181968,14.006596136838198,"[array([ 8.87714615e+01,  1.79496796e+02, -1.33641452e-01]), array([ 0.08834849, -0.05133861,  0.0037717 ])]"
1733924999342,0.0,[0. 0. 0.],[0. 0. 0.],False,43743.68359375,Landscape_0,[41327.97265625  9201.80761719  3995.99194336],182,182,38681,1.0,0.0,0.0,0.0,0.0,0.0,False,0.0,False,0.0,False,1.0,0.0,0.0,0.0,0.0,0.0,False,-1.0,0.0,0.0,False,0.0,False,1.0,0.0,0.0,0.0,0.0,0.0,False,-1.0,0.0,0.0,False,-0.007499993313103914,2.015625,14.056596137583256,14056,2182043,14.056596137583256,"[array([ 8.91271439e+01,  1.79398895e+02, -1.54255778e-01]), array([ 0.07718796, -0.10147101,  0.0032195 ])]"
1733924999449,0.0,[0. 0. 0.],[0. 0. 0.],False,43701.72265625,Landscape_0,[41313.55078125  9160.36914062  3991.09521484],183,183,38690,1.0,0.0,0.0,0.0,0.0,0.0,False,0.0,False,0.0,False,1.0,0.0,0.0,0.0,0.0,0.0,False,-1.0,0.0,0.0,False,0.0,False,1.0,0.0,0.0,0.0,0.0,0.0,False,-1.0,0.0,0.0,False,-0.00937500037252903,2.012500047683716,14.106596138328314,14106,2182118,14.106596138328314,"[array([ 8.94946823e+01,  1.79296005e+02, -1.71055108e-01]), array([ 0.06880049, -0.15402226,  0.00361964])]"
1733924999520,0.0,[0. 0. 0.],[0. 0. 0.],False,10513.7373046875,TreePine_497,[8284.42773438 9130.74707031 1045.57727051],184,184,38699,1.0,0.0,0.0,0.0,0.0,0.0,False,0.0,False,0.0,False,1.0,0.0,0.0,0.0,0.0,0.0,False,-1.0,0.0,0.0,False,0.0,False,1.0,0.0,0.0,0.0,0.0,0.0,False,-1.0,0.0,0.0,False,-0.00937500037252903,2.012500047683716,14.156596139073372,14156,2182193,14.156596139073372,"[array([ 8.98778076e+01,  1.79187042e+02, -1.78372785e-01]), array([ 0.06537174, -0.20947266,  0.00406669])]"
1733924999589,0.0,[0. 0. 0.],[0. 0. 0.],False,10472.1611328125,TreePine_497,[8271.84472656 9121.09082031 1040.37548828],185,185,38709,1.0,0.0,0.0,0.0,0.0,0.0,False,0.0,False,0.0,False,1.0,0.0,0.0,0.0,0.0,0.0,False,-1.0,0.0,0.0,False,0.0,False,1.0,0.0,0.0,0.0,0.0,0.0,False,-1.0,0.0,0.0,False,-0.00937500037252903,2.0093750953674316,14.20659613981843,14206,2182276,14.20659613981843,"[array([ 9.02927399e+01,  1.79055466e+02, -1.77125648e-01]), array([ 0.06645773, -0.27636722,  0.0045997 ])]"
1733924999672,0.0,[0. 0. 0.],[0. 0. 0.],False,10430.94140625,TreePine_497,[8260.63671875 9110.95117188 1036.11193848],186,186,38718,1.0,0.0,0.0,0.0,0.0,0.0,False,0.0,False,0.0,False,1.0,0.0,0.0,0.0,0.0,0.0,False,-1.0,0.0,0.0,False,0.0,False,1.0,0.0,0.0,0.0,0.0,0.0,False,-1.0,0.0,0.0,False,-0.00937500037252903,2.0062499046325684,14.256596140563488,14256,2182351,14.256596140563488,"[array([ 9.07169876e+01,  1.78932632e+02, -1.69128478e-01]), array([ 0.07092468, -0.33843994,  0.00498909])]"
1733924999745,0.0,[0. 0. 0.],[0. 0. 0.],False,10383.1650390625,TreePine_497,[8244.23828125 9098.81542969 1032.08642578],187,187,38727,1.0,0.0,0.0,0.0,0.0,0.0,False,0.0,False,0.0,False,1.0,0.0,0.0,0.0,0.0,0.0,False,-1.0,0.0,0.0,False,0.0,False,1.0,0.0,0.0,0.0,0.0,0.0,False,-1.0,0.0,0.0,False,-0.00937500037252903,2.015625,14.306596141308546,14306,2182426,14.306596141308546,"[array([ 9.11660614e+01,  1.78800507e+02, -1.61507502e-01]), array([ 0.07528234, -0.40499881,  0.00547265])]"
1733924999800,0.003508772002533078,[0. 0. 0.],[0. 0. 0.],False,10453.0869140625,TreePine_497,[8346.6875     9087.09082031 1039.0670166 ],188,188,38736,1.0,0.0,0.0,0.0,0.0,0.0,False,0.0,False,0.0,False,1.0,0.0,0.0,0.0,0.0,0.0,False,-1.0,0.0,0.0,False,0.0,False,1.0,0.0,0.0,0.0,0.0,0.0,False,-1.0,0.0,0.0,False,-0.00937500037252903,2.015625,14.356596142053604,14356,2182501,14.356596142053604,"[array([ 9.16341095e+01,  1.78664993e+02, -1.55892089e-01]), array([ 0.07856766, -0.47293097,  0.00592833])]"
1733924999877,0.0,[0. 0. 0.],[0. 0. 0.],False,10421.3115234375,TreePine_497,[8349.63574219 9074.90917969 1037.04138184],189,189,38745,1.0,0.0,0.0,0.0,0.0,0.0,False,0.0,False,0.0,False,1.0,0.0,0.0,0.0,0.0,0.0,False,-1.0,0.0,0.0,False,0.0,False,1.0,0.0,0.0,0.0,0.0,0.0,False,-1.0,0.0,0.0,False,-0.00937500037252903,2.012500047683716,14.406596142798662,14406,2182576,14.406596142798662,"[array([ 9.21424103e+01,  1.78500809e+02, -1.49511397e-01]), array([ 0.08235842, -0.55523682,  0.00652239])]"
1733924999985,0.0,[0. 0. 0.],[0. 0. 0.],False,10387.9130859375,TreePine_497,[8352.67285156 9062.50683594 1034.67736816],190,190,38754,1.0,0.0,0.0,0.0,0.0,0.0,False,0.0,False,0.0,False,1.0,0.0,0.0,0.0,0.0,0.0,False,-1.0,0.0,0.0,False,0.0,False,1.0,0.0,0.0,0.0,0.0,0.0,False,-1.0,0.0,0.0,False,-0.00937500037252903,2.012500047683716,14.45659614354372,14456,2182651,14.45659614354372,"[array([ 9.26634140e+01,  1.78342453e+02, -1.44866124e-01]), array([ 0.08516563, -0.63409424,  0.00701442])]"
1733925000054,0.003508772002533078,[0. 0. 0.],[0. 0. 0.],False,10343.23046875,TreePine_497,[8346.28222656 9047.63964844 1031.3996582 ],191,191,38764,1.0,0.0,0.0,0.0,0.0,0.0,False,0.0,False,0.0,False,1.0,0.0,0.0,0.0,0.0,0.0,False,-1.0,0.0,0.0,False,0.0,False,1.0,0.0,0.0,0.0,0.0,0.0,False,-1.0,0.0,0.0,False,-0.00937500037252903,2.012500047683716,14.506596144288778,14506,2182734,14.506596144288778,"[array([ 9.31994934e+01,  1.78187927e+02, -1.40355885e-01]), array([ 0.08797283, -0.71051031,  0.00759589])]"
1733925000131,0.0,[0. 0. 0.],[0. 0. 0.],False,10334.7724609375,TreePine_497,[8377.79394531 9033.09765625 1031.15039062],192,192,38773,1.0,0.0,0.0,0.0,0.0,0.0,False,0.0,False,0.0,False,1.0,0.0,0.0,0.0,0.0,0.0,False,-1.0,0.0,0.0,False,0.0,False,1.0,0.0,0.0,0.0,0.0,0.0,False,-1.0,0.0,0.0,False,-0.00937500037252903,2.015625,14.556596145033836,14556,2182809,14.556596145033836,"[array([ 9.37653580e+01,  1.78017929e+02, -1.37082160e-01]), array([ 0.09015166, -0.79437256,  0.00818668])]"
1733925000207,0.0,[0. 0. 0.],[0. 0. 0.],False,10301.6318359375,TreePine_497,[8386.60449219 9019.20703125 1028.71313477],193,193,38782,1.0,0.0,0.0,0.0,0.0,0.0,False,0.0,False,0.0,False,1.0,0.0,0.0,0.0,0.0,0.0,False,-1.0,0.0,0.0,False,0.0,False,1.0,0.0,0.0,0.0,0.0,0.0,False,-1.0,0.0,0.0,False,-0.00937500037252903,2.015625,14.606596145778894,14606,2182884,14.606596145778894,"[array([ 9.43558655e+01,  1.77840088e+02, -1.33222803e-01]), array([ 0.09268566, -0.88165295,  0.00885954])]"
1733925000286,0.0,[0. 0. 0.],[0. 0. 0.],False,43108.63671875,Landscape_0,[41105.41015625  8600.18359375  3939.83129883],194,194,38792,1.0,0.0,0.0,0.0,0.0,0.0,False,0.0,False,0.0,False,1.0,0.0,0.0,0.0,0.0,0.0,False,-1.0,0.0,0.0,False,0.0,False,1.0,0.0,0.0,0.0,0.0,0.0,False,-1.0,0.0,0.0,False,-0.007499993313103914,2.015625,14.656596146523952,14656,2182968,14.656596146523952,"[array([ 9.49599228e+01,  1.77669434e+02, -1.28302336e-01]), array([ 0.09515819, -0.9647522 ,  0.00874699])]"
1733925000346,0.0,[0. 0. 0.],[0. 0. 0.],False,16012.6904296875,TreePine_66,[14163.84375     8908.390625    1536.50769043],195,195,38801,1.0,0.0,0.0,0.0,0.0,0.0,False,0.0,False,0.0,False,1.0,0.0,0.0,0.0,0.0,0.0,False,-1.0,0.0,0.0,False,0.0,False,1.0,0.0,0.0,0.0,0.0,0.0,False,-1.0,0.0,0.0,False,-0.00937500037252903,2.015625,14.70659614726901,14706,2183043,14.70659614726901,"[array([ 9.55897064e+01,  1.77489105e+02, -1.27126917e-01]), array([ 0.09647641, -1.05215466,  0.00963518])]"
1733925000452,0.0,[0. 0. 0.],[0. 0. 0.],False,6018.22607421875,AmericanLights_Town04_02_746_TrafficLight,[4257.49902344 9036.9609375   649.58477783],196,196,38811,1.0,0.0,0.0,0.0,0.0,0.0,False,0.0,False,0.0,False,1.0,0.0,0.0,0.0,0.0,0.0,False,-1.0,0.0,0.0,False,0.0,False,1.0,0.0,0.0,0.0,0.0,0.0,False,-1.0,0.0,0.0,False,-0.00937500037252903,2.0093750953674316,14.756596148014069,14756,2183126,14.756596148014069,"[array([ 9.62487564e+01,  1.77292923e+02, -1.28755122e-01]), array([ 0.09641495, -1.14694214,  0.01061867])]"
1733925000499,0.0,[0. 0. 0.],[0. 0. 0.],False,5967.0146484375,AmericanLights_Town04_02_746_TrafficLight,[4256.14892578 9027.79785156  645.17248535],197,197,38820,1.0,0.0,0.0,0.0,0.0,0.0,False,0.0,False,0.0,False,1.0,0.0,0.0,0.0,0.0,0.0,False,-1.0,0.0,0.0,False,0.0,False,1.0,0.0,0.0,0.0,0.0,0.0,False,-1.0,0.0,0.0,False,-0.00937500037252903,2.015625,14.806596148759127,14806,2183201,14.806596148759127,"[array([ 9.69321671e+01,  1.77086349e+02, -1.31847441e-01]), array([ 0.09549287, -1.24630737,  0.01147628])]"
1733925000583,0.0,[0. 0. 0.],[0. 0. 0.],False,5917.23876953125,AmericanLights_Town04_02_746_TrafficLight,[4258.06396484 9017.89453125  640.74462891],198,198,38829,1.0,0.0,0.0,0.0,0.0,0.0,False,0.0,False,0.0,False,1.0,0.0,0.0,0.0,0.0,0.0,False,-1.0,0.0,0.0,False,0.0,False,1.0,0.0,0.0,0.0,0.0,0.0,False,-1.0,0.0,0.0,False,-0.00937500037252903,2.015625,14.856596149504185,14856,2183276,14.856596149504185,"[array([ 9.76380234e+01,  1.76871017e+02, -1.35737240e-01]), array([ 0.09412   , -1.34933484,  0.0122878 ])]"
1733925000676,0.0,[0. 0. 0.],[0. 0. 0.],False,15822.0341796875,TreePine_66,[14174.95019531  8807.015625    1520.35205078],199,199,38838,1.0,0.0,0.0,0.0,0.0,0.0,False,0.0,False,0.0,False,1.0,0.0,0.0,0.0,0.0,0.0,False,-1.0,0.0,0.0,False,0.0,False,1.0,0.0,0.0,0.0,0.0,0.0,False,-1.0,0.0,0.0,False,-0.00937500037252903,2.015625,14.906596150249243,14906,2183351,14.906596150249243,"[array([ 9.83651505e+01,  1.76647964e+02, -1.39908150e-01]), array([ 0.0926037 , -1.45547497,  0.01309401])]"
1733925000763,0.0,[0. 0. 0.],[0. 0. 0.],False,15819.779296875,TreePine_66,[14227.31347656  8777.50878906  1519.7734375 ],200,200,38848,1.0,0.0,0.0,0.0,0.0,0.0,False,0.0,False,0.0,False,1.0,0.0,0.0,0.0,0.0,0.0,False,-1.0,0.0,0.0,False,0.0,False,1.0,0.0,0.0,0.0,0.0,0.0,False,-1.0,0.0,0.0,False,-0.00937500037252903,2.012500047683716,14.9565961509943,14956,2183434,14.9565961509943,"[array([ 9.91129303e+01,  1.76417450e+02, -1.44022077e-01]), array([ 0.09111472, -1.56451416,  0.01390595])]"
1733925000832,0.003508772002533078,[0. 0. 0.],[0. 0. 0.],False,42527.1640625,Landscape_0,[40877.9296875   8111.87451172  3890.04833984],201,201,38858,1.0,0.0,0.0,0.0,0.0,0.0,False,0.0,False,0.0,False,1.0,0.0,0.0,0.0,0.0,0.0,False,-1.0,0.0,0.0,False,0.0,False,1.0,0.0,0.0,0.0,0.0,0.0,False,-1.0,0.0,0.0,False,-0.00937500037252903,2.015625,15.006596151739359,15006,2183517,15.006596151739359,"[array([ 9.98809433e+01,  1.76179688e+02, -1.47957996e-01]), array([ 0.08972819, -1.67633104,  0.01473064])]"
1733925000926,0.0,[0. 0. 0.],[0. 0. 0.],False,5667.07861328125,AmericanLights_Town04_02_746_TrafficLight,[4232.10546875 8976.15136719  618.0045166 ],202,202,38867,1.0,0.0,0.0,0.0,0.0,0.0,False,0.0,False,0.0,False,1.0,0.0,0.0,0.0,0.0,0.0,False,-1.0,0.0,0.0,False,0.0,False,1.0,0.0,0.0,0.0,0.0,0.0,False,-1.0,0.0,0.0,False,-0.00937500037252903,0.015625,15.056596152484417,15056,2183592,15.056596152484417,"[array([ 1.00608604e+02,  1.76015869e+02, -1.46153405e-01]), array([ 0.08800698, -1.75021362,  0.01140149])]"
1733925001003,0.0,[0. 0. 0.],[0. 0. 0.],False,5608.37841796875,AmericanLights_Town04_02_746_TrafficLight,[4233.57666016 8965.10253906  612.66241455],203,203,38877,1.0,0.0,0.0,0.0,0.0,0.0,False,0.0,False,0.0,False,1.0,0.0,0.0,0.0,0.0,0.0,False,-1.0,0.0,0.0,False,0.0,False,1.0,0.0,0.0,0.0,0.0,0.0,False,-1.0,0.0,0.0,False,-0.007499993313103914,0.015625,15.106596153229475,15106,2183676,15.106596153229475,"[array([ 1.01291573e+02,  1.75928009e+02, -1.52049467e-01]), array([ 0.08275457, -1.78540051,  0.00864977])]"
1733925001082,0.003508772002533078,[0. 0. 0.],[0. 0. 0.],False,5546.478515625,AmericanLights_Town04_02_746_TrafficLight,[4233.57763672 8957.90136719  607.00531006],204,204,38887,1.0,0.0,0.0,0.0,0.0,0.0,False,0.0,False,0.0,False,1.0,0.0,0.0,0.0,0.0,0.0,False,-1.0,0.0,0.0,False,0.0,False,1.0,0.0,0.0,0.0,0.0,0.0,False,-1.0,0.0,0.0,False,-0.00937500037252903,0.015625,15.156596153974533,15156,2183759,15.156596153974533,"[array([ 1.01952194e+02,  1.75876892e+02, -1.72714934e-01]), array([ 0.07076076, -1.80181897,  0.00706079])]"
1733925001176,0.003508772002533078,[0. 0. 0.],[0. 0. 0.],False,42115.39453125,Landscape_0,[40705.74609375  7873.12988281  3846.29858398],205,205,38897,1.0,0.0,0.0,0.0,0.0,0.0,False,0.0,False,0.0,False,1.0,0.0,0.0,0.0,0.0,0.0,False,-1.0,0.0,0.0,False,0.0,False,1.0,0.0,0.0,0.0,0.0,0.0,False,-1.0,0.0,0.0,False,-0.00937500037252903,0.015625,15.206596154719591,15206,2183842,15.206596154719591,"[array([102.5983963 , 175.84320068,  -0.20405494]), array([ 0.05358966, -1.80935669,  0.0059382 ])]"
1733925001240,0.0,[0. 0. 0.],[0. 0. 0.],False,42020.16796875,Landscape_0,[40675.01171875  7861.96337891  3829.11035156],206,206,38907,1.0,0.0,0.0,0.0,0.0,0.0,False,0.0,False,0.0,False,1.0,0.0,0.0,0.0,0.0,0.0,False,-1.0,0.0,0.0,False,0.0,False,1.0,0.0,0.0,0.0,0.0,0.0,False,-1.0,0.0,0.0,False,-0.00937500037252903,0.012500000186264515,15.25659615546465,15256,2183926,15.25659615546465,"[array([103.23313904, 175.81747437,  -0.23873255]), array([ 0.03482713, -1.81286609,  0.00498438])]"
1733925001301,0.0,[0. 0. 0.],[0. 0. 0.],False,41923.140625,Landscape_0,[40642.89453125  7857.37792969  3808.03833008],207,207,38916,1.0,0.0,0.0,0.0,0.0,0.0,False,0.0,False,0.0,False,1.0,0.0,0.0,0.0,0.0,0.0,False,-1.0,0.0,0.0,False,0.0,False,1.0,0.0,0.0,0.0,0.0,0.0,False,-1.0,0.0,0.0,False,-0.00937500037252903,0.012500000186264515,15.306596156209707,15306,2184001,15.306596156209707,"[array([103.8572464 , 175.79542542,  -0.27184376]), array([ 0.01695936, -1.81460571,  0.00413301])]"
1733925001395,0.003508772002533078,[0. 0. 0.],[0. 0. 0.],False,41827.05078125,Landscape_0,[40611.34375     7855.72509766  3785.93994141],208,208,38925,1.0,0.0,0.0,0.0,0.0,0.0,False,0.0,False,0.0,False,1.0,0.0,0.0,0.0,0.0,0.0,False,-1.0,0.0,0.0,False,0.0,False,1.0,0.0,0.0,0.0,0.0,0.0,False,-1.0,0.0,0.0,False,-0.00937500037252903,0.015625,15.356596156954765,15356,2184076,15.356596156954765,"[array([104.47016144, 175.77575684,  -0.30097884]), array([ 1.23626413e-03, -1.81524622e+00,  3.38281994e-03])]"
1733925001438,0.0,[0. 0. 0.],[0. 0. 0.],False,41731.1015625,Landscape_0,[40579.109375    7855.38769531  3764.57592773],209,209,38936,1.0,0.0,0.0,0.0,0.0,0.0,False,0.0,False,0.0,False,1.0,0.0,0.0,0.0,0.0,0.0,False,-1.0,0.0,0.0,False,0.0,False,1.0,0.0,0.0,0.0,0.0,0.0,False,-1.0,0.0,0.0,False,1.1906250715255737,0.015625,15.406596157699823,15406,2184167,15.406596157699823,"[array([104.67667389, 176.29034424,  -0.27844334]), array([-0.0123763 , -1.54837012, -0.02833222])]"
1733925001566,0.0,[0. 0. 0.],[0. 0. 0.],False,41638.12890625,Landscape_0,[40548.75390625  7855.79541016  3745.07592773],210,210,38945,1.0,0.0,0.0,0.0,0.0,0.0,False,0.0,False,0.0,False,1.0,0.0,0.0,0.0,0.0,0.0,False,-1.0,0.0,0.0,False,0.0,False,1.0,0.0,0.0,0.0,0.0,0.0,False,-1.0,0.0,0.0,False,-0.00937500037252903,0.015625,15.456596158444881,15456,2184242,15.456596158444881,"[array([104.64620209, 177.10108948,  -0.29238522]), array([-0.02327045, -1.13226318, -0.03292396])]"
1733925001627,0.0,[0. 0. 0.],[0. 0. 0.],False,5105.8701171875,AmericanLights_Town04_02_746_TrafficLight,[4233.15917969 8975.62890625  559.09619141],211,211,38955,1.0,0.0,0.0,0.0,0.0,0.0,False,0.0,False,0.0,False,1.0,0.0,0.0,0.0,0.0,0.0,False,-1.0,0.0,0.0,False,0.0,False,1.0,0.0,0.0,0.0,0.0,0.0,False,-1.0,0.0,0.0,False,-0.00937500037252903,0.015625,15.50659615918994,15506,2184326,15.50659615918994,"[array([104.94664001, 177.45573425,  -0.32742178]), array([-0.03137106, -0.94671637, -0.02027747])]"
1733925001743,0.0,[0. 0. 0.],[0. 0. 0.],False,9193.880859375,TreePine_497,[8365.14648438 8937.05664062  912.77929688],212,212,38965,1.0,0.0,0.0,0.0,0.0,0.0,False,0.0,False,0.0,False,1.0,0.0,0.0,0.0,0.0,0.0,False,-1.0,0.0,0.0,False,0.0,False,1.0,0.0,0.0,0.0,0.0,0.0,False,-1.0,0.0,0.0,False,-0.00937500037252903,0.012500000186264515,15.556596159934998,15556,2184409,15.556596159934998,"[array([105.37514496, 177.62838745,  -0.34842575]), array([-0.03737479, -0.85406482, -0.01413439])]"
1733925001790,0.0,[0. 0. 0.],[0. 0. 0.],False,14922.9638671875,TreePine_66,[14130.65820312  8880.09082031  1407.69274902],213,213,38975,1.0,0.0,0.0,0.0,0.0,0.0,False,0.0,False,0.0,False,1.0,0.0,0.0,0.0,0.0,0.0,False,-1.0,0.0,0.0,False,0.0,False,1.0,0.0,0.0,0.0,0.0,0.0,False,-1.0,0.0,0.0,False,-0.00937500037252903,0.015625,15.606596160680056,15606,2184492,15.606596160680056,"[array([105.87968445, 177.68862915,  -0.36132541]), array([-0.04182808, -0.81918341, -0.01132007])]"
1733925001868,0.0,[0. 0. 0.],[0. 0. 0.],False,9047.46484375,TreePine_497,[8335.04785156 8981.95800781  897.87310791],214,214,38984,1.0,0.0,0.0,0.0,0.0,0.0,False,0.0,False,0.0,False,1.0,0.0,0.0,0.0,0.0,0.0,False,-1.0,0.0,0.0,False,0.0,False,1.0,0.0,0.0,0.0,0.0,0.0,False,-1.0,0.0,0.0,False,-0.00937500037252903,2.015625,15.656596161425114,15656,2184567,15.656596161425114,"[array([106.42720795, 177.6791687 ,  -0.37529638]), array([-0.04471724, -0.8198241 , -0.00585306])]"
1733925001958,0.0,[0. 0. 0.],[0. 0. 0.],False,8936.9716796875,TreePine_497,[8280.85058594 8988.09960938  887.62628174],215,215,38993,1.0,0.0,0.0,0.0,0.0,0.0,False,0.0,False,0.0,False,1.0,0.0,0.0,0.0,0.0,0.0,False,-1.0,0.0,0.0,False,0.0,False,1.0,0.0,0.0,0.0,0.0,0.0,False,-1.0,0.0,0.0,False,-0.00937500037252903,2.015625,15.706596162170172,15706,2184642,15.706596162170172,"[array([107.07992554, 177.52157593,  -0.38225043]), array([-0.04489483, -0.89608759, -0.00154981])]"
1733925002050,0.0,[0. 0. 0.],[0. 0. 0.],False,14748.0537109375,TreePine_66,[14124.44140625  8913.09765625  1389.13244629],216,216,39003,1.0,0.0,0.0,0.0,0.0,0.0,False,0.0,False,0.0,False,1.0,0.0,0.0,0.0,0.0,0.0,False,-1.0,0.0,0.0,False,0.0,False,1.0,0.0,0.0,0.0,0.0,0.0,False,-1.0,0.0,0.0,False,-0.00937500037252903,2.012500047683716,15.75659616291523,15756,2184725,15.75659616291523,"[array([107.70888519, 177.38687134,  -0.37986457]), array([-0.04116555, -0.96023566,  0.00156986])]"
1733925002110,0.0,[0. 0. 0.],[0. 0. 0.],False,14677.4814453125,TreePine_66,[14107.62890625  8893.81347656  1382.99072266],217,217,39012,1.0,0.0,0.0,0.0,0.0,0.0,False,0.0,False,0.0,False,1.0,0.0,0.0,0.0,0.0,0.0,False,-1.0,0.0,0.0,False,0.0,False,1.0,0.0,0.0,0.0,0.0,0.0,False,-1.0,0.0,0.0,False,0.0,2.012500047683716,15.806596163660288,15806,2184800,15.806596163660288,"[array([108.35327148, 177.230896  ,  -0.36234993]), array([-3.30786034e-02, -1.03530860e+00,  3.07132897e-04])]"
1733925002178,0.0,[0. 0. 0.],[0. 0. 0.],False,14610.6689453125,TreePine_66,[14093.95898438  8877.63476562  1378.16381836],218,218,39022,1.0,0.0,0.0,0.0,0.0,0.0,False,0.0,False,0.0,False,1.0,0.0,0.0,0.0,0.0,0.0,False,-1.0,0.0,0.0,False,0.0,False,1.0,0.0,0.0,0.0,0.0,0.0,False,-1.0,0.0,0.0,False,-0.00937500037252903,2.015625,15.856596164405346,15856,2184884,15.856596164405346,"[array([108.95716858, 177.13194275,  -0.34356469]), array([-0.02105064, -1.08077991,  0.00315937])]"
1733925002281,0.0,[0. 0. 0.],[0. 0. 0.],False,14560.560546875,TreePine_66,[14096.67089844  8858.49121094  1375.87231445],219,219,39031,1.0,0.0,0.0,0.0,0.0,0.0,False,0.0,False,0.0,False,1.0,0.0,0.0,0.0,0.0,0.0,False,-1.0,0.0,0.0,False,0.0,False,1.0,0.0,0.0,0.0,0.0,0.0,False,-1.0,0.0,0.0,False,-0.00937500037252903,2.015625,15.906596165150404,15906,2184959,15.906596165150404,"[array([109.64516449, 176.93270874,  -0.32027987]), array([-0.00649551, -1.17684925,  0.00625894])]"
1733925002346,0.0,[0. 0. 0.],[0. 0. 0.],False,14512.96484375,TreePine_66,[14102.31835938  8846.90917969  1374.77758789],220,220,39040,1.0,0.0,0.0,0.0,0.0,0.0,False,0.0,False,0.0,False,1.0,0.0,0.0,0.0,0.0,0.0,False,-1.0,0.0,0.0,False,0.0,False,1.0,0.0,0.0,0.0,0.0,0.0,False,-1.0,0.0,0.0,False,-0.00937500037252903,2.0062499046325684,15.956596165895462,15956,2185034,15.956596165895462,"[array([110.33019257, 176.75120544,  -0.29369202]), array([ 0.00915928, -1.26312256,  0.0085727 ])]"
1733925002409,0.0,[0. 0. 0.],[0. 0. 0.],False,8644.669921875,TreePine_497,[8310.92773438 8932.9140625   867.64703369],221,221,39049,1.0,0.0,0.0,0.0,0.0,0.0,False,0.0,False,0.0,False,1.0,0.0,0.0,0.0,0.0,0.0,False,-1.0,0.0,0.0,False,0.0,False,1.0,0.0,0.0,0.0,0.0,0.0,False,-1.0,0.0,0.0,False,-0.00937500037252903,2.0062499046325684,16.00659616664052,16006,2185109,16.00659616664052,"[array([111.05706787, 176.53141785,  -0.26773831]), array([ 0.02405592, -1.36813331,  0.01035055])]"
1733925002511,0.0,[0. 0. 0.],[0. 0. 0.],False,11353.5244140625,InstancedFoliageActor_1,[11063.9375      8863.42382812  1106.50939941],222,222,39058,1.0,0.0,0.0,0.0,0.0,0.0,False,0.0,False,0.0,False,1.0,0.0,0.0,0.0,0.0,0.0,False,-1.0,0.0,0.0,False,0.0,False,1.0,0.0,0.0,0.0,0.0,0.0,False,-1.0,0.0,0.0,False,-0.00937500037252903,0.012500000186264515,16.056596167385578,16056,2185184,16.056596167385578,"[array([111.7382431 , 176.3903656 ,  -0.23984832]), array([ 0.03635709, -1.43276978,  0.0076329 ])]"
1733925002562,0.003508772002533078,[0. 0. 0.],[0. 0. 0.],False,11299.4619140625,InstancedFoliageActor_1,[11066.33984375  8842.65039062  1104.70214844],223,223,39067,1.0,0.0,0.0,0.0,0.0,0.0,False,0.0,False,0.0,False,1.0,0.0,0.0,0.0,0.0,0.0,False,-1.0,0.0,0.0,False,0.0,False,1.0,0.0,0.0,0.0,0.0,0.0,False,-1.0,0.0,0.0,False,-0.00937500037252903,0.012500000186264515,16.106596168130636,16106,2185259,16.106596168130636,"[array([112.38118744, 176.31491089,  -0.22453229]), array([ 0.04253842, -1.4639281 ,  0.00541021])]"
1733925002665,0.0,[0. 0. 0.],[0. 0. 0.],False,11248.9404296875,InstancedFoliageActor_1,[11073.95996094  8829.72949219  1102.67468262],224,224,39077,1.0,0.0,0.0,0.0,0.0,0.0,False,0.0,False,0.0,False,1.0,0.0,0.0,0.0,0.0,0.0,False,-1.0,0.0,0.0,False,0.0,False,1.0,0.0,0.0,0.0,0.0,0.0,False,-1.0,0.0,0.0,False,-0.00937500037252903,0.015625,16.156596168875694,16156,2185342,16.156596168875694,"[array([112.99802399, 176.28005981,  -0.22824062]), array([ 0.03971755, -1.47433472,  0.00428561])]"
1733925002714,0.003508772002533078,[0. 0. 0.],[0. 0. 0.],False,8444.4990234375,TreePine_497,[8340.5625     8889.33886719  857.37982178],225,225,39086,1.0,0.0,0.0,0.0,0.0,0.0,False,0.0,False,0.0,False,1.0,0.0,0.0,0.0,0.0,0.0,False,-1.0,0.0,0.0,False,0.0,False,1.0,0.0,0.0,0.0,0.0,0.0,False,-1.0,0.0,0.0,False,-0.00937500037252903,0.012500000186264515,16.206596169620752,16206,2185417,16.206596169620752,"[array([113.61764526, 176.23945618,  -0.24599355]), array([ 0.02995721, -1.48764014,  0.00360275])]"
1733925002798,0.0,[0. 0. 0.],[0. 0. 0.],False,8343.0732421875,TreePine_497,[8299.69726562 8888.80761719  848.05871582],226,226,39095,1.0,0.0,0.0,0.0,0.0,0.0,False,0.0,False,0.0,False,1.0,0.0,0.0,0.0,0.0,0.0,False,-1.0,0.0,0.0,False,0.0,False,1.0,0.0,0.0,0.0,0.0,0.0,False,-1.0,0.0,0.0,False,-0.00937500037252903,0.015625,16.25659617036581,16256,2185492,16.25659617036581,"[array([114.19821167, 176.24353027,  -0.26950034]), array([ 0.01728721, -1.47824073,  0.00301702])]"
1733925002897,0.0,[0. 0. 0.],[0. 0. 0.],False,11052.96484375,InstancedFoliageActor_1,[11058.42578125  8819.4296875   1084.24475098],227,227,39104,1.0,0.0,0.0,0.0,0.0,0.0,False,0.0,False,0.0,False,1.0,0.0,0.0,0.0,0.0,0.0,False,-1.0,0.0,0.0,False,0.0,False,1.0,0.0,0.0,0.0,0.0,0.0,False,-1.0,0.0,0.0,False,-0.00937500037252903,0.012500000186264515,16.30659617111087,16306,2185567,16.30659617111087,"[array([114.80789185, 176.19941711,  -0.29339027]), array([ 0.00448743, -1.4934386 ,  0.00251822])]"
1733925002915,0.0,[0. 0. 0.],[0. 0. 0.],False,11009.0009765625,InstancedFoliageActor_1,[11074.38964844  8820.83203125  1077.97436523],228,228,39113,1.0,0.0,0.0,0.0,0.0,0.0,False,0.0,False,0.0,False,1.0,0.0,0.0,0.0,0.0,0.0,False,-1.0,0.0,0.0,False,0.0,False,1.0,0.0,0.0,0.0,0.0,0.0,False,-1.0,0.0,0.0,False,-0.011250007897615433,0.012500000186264515,16.356596171855927,16356,2185642,16.356596171855927,"[array([115.36556244, 176.21261597,  -0.31522775]), array([-0.00719902, -1.47955334,  0.00208405])]"
1733925003027,0.0,[0. 0. 0.],[0. 0. 0.],False,10927.095703125,InstancedFoliageActor_1,[11051.70117188  8818.49804688  1068.39160156],229,229,39122,1.0,0.0,0.0,0.0,0.0,0.0,False,0.0,False,0.0,False,1.0,0.0,0.0,0.0,0.0,0.0,False,-1.0,0.0,0.0,False,0.0,False,1.0,0.0,0.0,0.0,0.0,0.0,False,-1.0,0.0,0.0,False,-0.00937500037252903,0.015625,16.406596172600985,16406,2185717,16.406596172600985,"[array([115.95666504, 176.16911316,  -0.333893  ]), array([-0.01721208, -1.49462903,  0.00168283])]"
1733925003078,0.0,[0. 0. 0.],[0. 0. 0.],False,40490.32421875,Landscape_0,[40552.17578125  8103.70898438  3639.08203125],230,230,39129,1.0,0.0,0.0,0.0,0.0,0.0,False,0.0,False,0.0,False,1.0,0.0,0.0,0.0,0.0,0.0,False,-1.0,0.0,0.0,False,0.0,False,1.0,0.0,0.0,0.0,0.0,0.0,False,-1.0,0.0,0.0,False,-0.00937500037252903,0.015625,16.456596173346043,16456,2185775,16.456596173346043,"[array([116.49258423, 176.18547058,  -0.34932053]), array([-2.54424531e-02, -1.47937000e+00,  1.39340630e-03])]"
1733925003129,0.0,[0. 0. 0.],[0. 0. 0.],False,10832.3388671875,InstancedFoliageActor_1,[11072.44042969  8817.77148438  1056.05786133],231,231,39135,1.0,0.0,0.0,0.0,0.0,0.0,False,0.0,False,0.0,False,1.0,0.0,0.0,0.0,0.0,0.0,False,-1.0,0.0,0.0,False,0.0,False,1.0,0.0,0.0,0.0,0.0,0.0,False,-1.0,0.0,0.0,False,-0.00937500037252903,0.015625,16.5065961740911,16506,2185825,16.5065961740911,"[array([117.0647049 , 176.14050293,  -0.36148497]), array([-3.20130959e-02, -1.49542236e+00,  1.08450523e-03])]"
1733925003178,0.0,[0. 0. 0.],[0. 0. 0.],False,10755.6943359375,InstancedFoliageActor_1,[11052.19921875  8821.11425781  1047.86706543],232,232,39141,1.0,0.0,0.0,0.0,0.0,0.0,False,0.0,False,0.0,False,1.0,0.0,0.0,0.0,0.0,0.0,False,-1.0,0.0,0.0,False,0.0,False,1.0,0.0,0.0,0.0,0.0,0.0,False,-1.0,0.0,0.0,False,-0.00937500037252903,0.0062500000931322575,16.55659617483616,16556,2185875,16.55659617483616,"[array([117.57759857, 176.16038513,  -0.37099415]), array([-3.70810963e-02, -1.47863746e+00,  9.22244741e-04])]"
1733925003227,0.0,[0. 0. 0.],[0. 0. 0.],False,10680.9833984375,InstancedFoliageActor_1,[11032.66210938  8818.60839844  1040.1751709 ],233,233,39147,1.0,0.0,0.0,0.0,0.0,0.0,False,0.0,False,0.0,False,1.0,0.0,0.0,0.0,0.0,0.0,False,-1.0,0.0,0.0,False,0.0,False,1.0,0.0,0.0,0.0,0.0,0.0,False,-1.0,0.0,0.0,False,-0.007499993313103914,0.012500000186264515,16.606596175581217,16606,2185925,16.606596175581217,"[array([118.13114166, 176.1129303 ,  -0.37798202]), array([-4.08923402e-02, -1.49621582e+00,  6.87694759e-04])]"
1733925003278,0.0,[0. 0. 0.],[0. 0. 0.],False,10646.1552734375,InstancedFoliageActor_1,[11051.93554688  8821.234375    1036.22521973],234,234,39153,1.0,0.0,0.0,0.0,0.0,0.0,False,0.0,False,0.0,False,1.0,0.0,0.0,0.0,0.0,0.0,False,-1.0,0.0,0.0,False,0.0,False,1.0,0.0,0.0,0.0,0.0,0.0,False,-1.0,0.0,0.0,False,-0.00937500037252903,0.012500000186264515,16.656596176326275,16656,2185975,16.656596176326275,"[array([118.62081146, 176.13652039,  -0.38322538]), array([-4.36722264e-02, -1.47778320e+00,  6.18691789e-04])]"
1733925003330,0.0,[0. 0. 0.],[0. 0. 0.],False,7976.97705078125,TreePine_497,[8446.28125    8882.12890625  804.78662109],235,235,39159,1.0,0.0,0.0,0.0,0.0,0.0,False,0.0,False,0.0,False,1.0,0.0,0.0,0.0,0.0,0.0,False,-1.0,0.0,0.0,False,0.0,False,1.0,0.0,0.0,0.0,0.0,0.0,False,-1.0,0.0,0.0,False,-0.00937500037252903,0.012500000186264515,16.706596177071333,16706,2186025,16.706596177071333,"[array([119.15621948, 176.08631897,  -0.38670126]), array([-4.56256606e-02, -1.49700940e+00,  4.32124332e-04])]"
1733925003379,0.0,[0. 0. 0.],[0. 0. 0.],False,7910.6318359375,TreePine_497,[8432.02050781 8885.0078125   798.67138672],236,236,39165,1.0,0.0,0.0,0.0,0.0,0.0,False,0.0,False,0.0,False,1.0,0.0,0.0,0.0,0.0,0.0,False,-1.0,0.0,0.0,False,0.0,False,1.0,0.0,0.0,0.0,0.0,0.0,False,-1.0,0.0,0.0,False,-0.00937500037252903,0.012500000186264515,16.75659617781639,16756,2186075,16.75659617781639,"[array([119.62299347, 176.11376953,  -0.3892259 ]), array([-4.69302274e-02, -1.47686768e+00,  4.30127111e-04])]"
1733925003429,0.0,[0. 0. 0.],[0. 0. 0.],False,7852.1328125,TreePine_497,[8424.39746094 8882.57128906  793.35205078],237,237,39171,1.0,0.0,0.0,0.0,0.0,0.0,False,0.0,False,0.0,False,1.0,0.0,0.0,0.0,0.0,0.0,False,-1.0,0.0,0.0,False,0.0,False,1.0,0.0,0.0,0.0,0.0,0.0,False,-1.0,0.0,0.0,False,-0.007499993313103914,0.015625,16.80659617856145,16806,2186125,16.80659617856145,"[array([120.14085388, 176.06069946,  -0.39051935]), array([-4.77293581e-02, -1.49780273e+00,  2.77023093e-04])]"
1733925003478,0.0,[0. 0. 0.],[0. 0. 0.],False,7788.513671875,TreePine_497,[8410.79980469 8885.625       787.68048096],238,238,39177,1.0,0.0,0.0,0.0,0.0,0.0,False,0.0,False,0.0,False,1.0,0.0,0.0,0.0,0.0,0.0,False,-1.0,0.0,0.0,False,0.0,False,1.0,0.0,0.0,0.0,0.0,0.0,False,-1.0,0.0,0.0,False,-0.00937500037252903,0.012500000186264515,16.856596179306507,16856,2186175,16.856596179306507,"[array([120.58534241, 176.09190369,  -0.3913447 ]), array([-4.81255092e-02, -1.47598267e+00,  3.17058119e-04])]"
1733925003528,0.0,[0. 0. 0.],[0. 0. 0.],False,7733.064453125,TreePine_497,[8404.18359375 8882.9765625   782.7880249 ],239,239,39183,1.0,0.0,0.0,0.0,0.0,0.0,False,0.0,False,0.0,False,1.0,0.0,0.0,0.0,0.0,0.0,False,-1.0,0.0,0.0,False,0.0,False,1.0,0.0,0.0,0.0,0.0,0.0,False,-1.0,0.0,0.0,False,-0.00937500037252903,0.012500000186264515,16.906596180051565,16906,2186225,16.906596180051565,"[array([121.08618927, 176.03605652,  -0.39137515]), array([-4.82416227e-02, -1.49859619e+00,  1.83654352e-04])]"
1733925003577,0.0,[0. 0. 0.],[0. 0. 0.],False,7669.9775390625,TreePine_497,[8389.12695312 8886.24902344  777.28948975],240,240,39189,1.0,0.0,0.0,0.0,0.0,0.0,False,0.0,False,0.0,False,1.0,0.0,0.0,0.0,0.0,0.0,False,-1.0,0.0,0.0,False,0.0,False,1.0,0.0,0.0,0.0,0.0,0.0,False,-1.0,0.0,0.0,False,-0.00937500037252903,0.00937500037252903,16.956596180796623,16956,2186275,16.956596180796623,"[array([121.50901031, 176.07096863,  -0.39129946]), array([-4.81596626e-02, -1.47512817e+00,  2.49236036e-04])]"
1733925003630,0.0,[0. 0. 0.],[0. 0. 0.],False,7615.517578125,TreePine_497,[8381.53027344 8883.44628906  772.57226562],241,241,39195,1.0,0.0,0.0,0.0,0.0,0.0,False,0.0,False,0.0,False,1.0,0.0,0.0,0.0,0.0,0.0,False,-1.0,0.0,0.0,False,0.0,False,1.0,0.0,0.0,0.0,0.0,0.0,False,-1.0,0.0,0.0,False,-0.00937500037252903,0.015625,17.00659618154168,17006,2186325,17.00659618154168,"[array([121.99330902, 176.01245117,  -0.39057902]), array([-4.78864536e-02, -1.49932873e+00,  1.24469851e-04])]"
1733925003649,0.0,[0. 0. 0.],[0. 0. 0.],False,10240.392578125,InstancedFoliageActor_1,[11041.69335938  8822.03222656   999.16027832],242,242,39201,1.0,0.0,0.0,0.0,0.0,0.0,False,0.0,False,0.0,False,1.0,0.0,0.0,0.0,0.0,0.0,False,-1.0,0.0,0.0,False,0.0,False,1.0,0.0,0.0,0.0,0.0,0.0,False,-1.0,0.0,0.0,False,-0.00937500037252903,0.0062500000931322575,17.05659618228674,17056,2186375,17.05659618228674,"[array([122.39519501, 176.05091858,  -0.39000136]), array([-4.75107916e-02, -1.47430408e+00,  2.07728051e-04])]"
1733925003730,0.0,[0. 0. 0.],[0. 0. 0.],False,10192.3330078125,InstancedFoliageActor_1,[11038.54296875  8817.828125     995.05993652],243,243,39207,1.0,0.0,0.0,0.0,0.0,0.0,False,0.0,False,0.0,False,1.0,0.0,0.0,0.0,0.0,0.0,False,-1.0,0.0,0.0,False,0.0,False,1.0,0.0,0.0,0.0,0.0,0.0,False,-1.0,0.0,0.0,False,-0.00937500037252903,0.0062500000931322575,17.106596183031797,17106,2186425,17.106596183031797,"[array([122.86344147, 175.98983765,  -0.38893977]), array([-4.70600016e-02, -1.50003040e+00,  9.04279150e-05])]"
1733925003781,0.0,[0. 0. 0.],[0. 0. 0.],False,10145.265625,InstancedFoliageActor_1,[11035.68359375  8822.30371094   991.06048584],244,244,39213,1.0,0.0,0.0,0.0,0.0,0.0,False,0.0,False,0.0,False,1.0,0.0,0.0,0.0,0.0,0.0,False,-1.0,0.0,0.0,False,0.0,False,1.0,0.0,0.0,0.0,0.0,0.0,False,-1.0,0.0,0.0,False,-0.00937500037252903,0.012500000186264515,17.156596183776855,17156,2186475,17.156596183776855,"[array([123.24511719, 176.03160095,  -0.38808358]), array([-4.65409048e-02, -1.47354138e+00,  1.83802535e-04])]"
1733925003829,0.0,[0. 0. 0.],[0. 0. 0.],False,10099.20703125,InstancedFoliageActor_1,[11032.68164062  8817.87011719   987.16534424],245,245,39219,1.0,0.0,0.0,0.0,0.0,0.0,False,0.0,False,0.0,False,1.0,0.0,0.0,0.0,0.0,0.0,False,-1.0,0.0,0.0,False,0.0,False,1.0,0.0,0.0,0.0,0.0,0.0,False,-1.0,0.0,0.0,False,-0.007499993313103914,0.012500000186264515,17.206596184521914,17206,2186525,17.206596184521914,"[array([123.69771576, 175.96813965,  -0.38679239]), array([-4.59603406e-02, -1.50070179e+00,  7.02495818e-05])]"
1733925003878,0.003508772002533078,[0. 0. 0.],[0. 0. 0.],False,10053.9853515625,InstancedFoliageActor_1,[11029.86035156  8822.55957031   983.34997559],246,246,39225,1.0,0.0,0.0,0.0,0.0,0.0,False,0.0,False,0.0,False,1.0,0.0,0.0,0.0,0.0,0.0,False,-1.0,0.0,0.0,False,0.0,False,1.0,0.0,0.0,0.0,0.0,0.0,False,-1.0,0.0,0.0,False,-0.00937500037252903,0.012500000186264515,17.25659618526697,17256,2186575,17.25659618526697,"[array([124.0598526 , 176.01304626,  -0.38582745]), array([-4.53729443e-02, -1.47283936e+00,  1.69181701e-04])]"
1733925003929,0.0,[0. 0. 0.],[0. 0. 0.],False,10009.9599609375,InstancedFoliageActor_1,[11027.1015625   8817.90820312   979.64929199],247,247,39231,1.0,0.0,0.0,0.0,0.0,0.0,False,0.0,False,0.0,False,1.0,0.0,0.0,0.0,0.0,0.0,False,-1.0,0.0,0.0,False,0.0,False,1.0,0.0,0.0,0.0,0.0,0.0,False,-1.0,0.0,0.0,False,-0.00937500037252903,0.015625,17.30659618601203,17306,2186625,17.30659618601203,"[array([124.49723053, 175.94735718,  -0.38449579]), array([-4.47718874e-02, -1.50134277e+00,  6.74352632e-05])]"
1733925003978,0.0,[0. 0. 0.],[0. 0. 0.],False,9963.3896484375,InstancedFoliageActor_1,[11021.19042969  8822.87109375   975.72650146],248,248,39237,1.0,0.0,0.0,0.0,0.0,0.0,False,0.0,False,0.0,False,1.0,0.0,0.0,0.0,0.0,0.0,False,-1.0,0.0,0.0,False,0.0,False,1.0,0.0,0.0,0.0,0.0,0.0,False,-1.0,0.0,0.0,False,-0.011250007897615433,0.015625,17.356596186757088,17356,2186675,17.356596186757088,"[array([124.84050751, 175.99519348,  -0.38347358]), array([-4.41571698e-02, -1.47219849e+00,  1.67474413e-04])]"
1733925004029,0.003508772002533078,[0. 0. 0.],[0. 0. 0.],False,9924.353515625,InstancedFoliageActor_1,[11021.67285156  8817.95117188   972.46173096],249,249,39243,1.0,0.0,0.0,0.0,0.0,0.0,False,0.0,False,0.0,False,1.0,0.0,0.0,0.0,0.0,0.0,False,-1.0,0.0,0.0,False,0.0,False,1.0,0.0,0.0,0.0,0.0,0.0,False,-1.0,0.0,0.0,False,-0.00937500037252903,0.012500000186264515,17.406596187502146,17406,2186725,17.406596187502146,"[array([125.26303101, 175.92745972,  -0.3820827 ]), array([-4.35219631e-02, -1.50195301e+00,  6.55504919e-05])]"
1733925004081,0.0,[0. 0. 0.],[0. 0. 0.],False,7163.43212890625,TreePine_497,[8310.65820312 8888.53808594  734.05511475],250,250,39249,1.0,0.0,0.0,0.0,0.0,0.0,False,0.0,False,0.0,False,1.0,0.0,0.0,0.0,0.0,0.0,False,-1.0,0.0,0.0,False,0.0,False,1.0,0.0,0.0,0.0,0.0,0.0,False,-1.0,0.0,0.0,False,-0.00937500037252903,0.015625,17.456596188247204,17456,2186775,17.456596188247204,"[array([125.58802795, 175.97808838,  -0.38106468]), array([-4.29072455e-02, -1.47158825e+00,  1.68396102e-04])]"
1733925004132,0.0,[0. 0. 0.],[0. 0. 0.],False,7118.20703125,TreePine_497,[8303.33789062 8885.04589844  730.22705078],251,251,39255,1.0,0.0,0.0,0.0,0.0,0.0,False,0.0,False,0.0,False,1.0,0.0,0.0,0.0,0.0,0.0,False,-1.0,0.0,0.0,False,0.0,False,1.0,0.0,0.0,0.0,0.0,0.0,False,-1.0,0.0,0.0,False,-0.00937500037252903,0.012500000186264515,17.506596188992262,17506,2186825,17.506596188992262,"[array([125.99607086, 175.90847778,  -0.37972859]), array([-4.22993600e-02, -1.50250244e+00,  6.37117773e-05])]"
1733925004182,0.003508772002533078,[0. 0. 0.],[0. 0. 0.],False,7069.64892578125,TreePine_497,[8292.08203125 8889.04101562  726.10668945],252,252,39261,1.0,0.0,0.0,0.0,0.0,0.0,False,0.0,False,0.0,False,1.0,0.0,0.0,0.0,0.0,0.0,False,-1.0,0.0,0.0,False,0.0,False,1.0,0.0,0.0,0.0,0.0,0.0,False,-1.0,0.0,0.0,False,-0.00937500037252903,0.015625,17.55659618973732,17556,2186875,17.55659618973732,"[array([126.30348969, 175.96165466,  -0.37870747]), array([-4.16846424e-02, -1.47103882e+00,  1.64400728e-04])]"
1733925004231,0.0,[0. 0. 0.],[0. 0. 0.],False,7026.49560546875,TreePine_497,[8285.20214844 8885.44628906  722.45153809],253,253,39267,1.0,0.0,0.0,0.0,0.0,0.0,False,0.0,False,0.0,False,1.0,0.0,0.0,0.0,0.0,0.0,False,-1.0,0.0,0.0,False,0.0,False,1.0,0.0,0.0,0.0,0.0,0.0,False,-1.0,0.0,0.0,False,-0.00937500037252903,0.015625,17.606596190482378,17606,2186925,17.606596190482378,"[array([126.69744873, 175.89027405,  -0.3773745 ]), array([-4.10767570e-02, -1.50305176e+00,  6.18730628e-05])]"
1733925004278,0.0,[0. 0. 0.],[0. 0. 0.],False,6979.89306640625,TreePine_497,[8274.30175781 8889.51855469  718.49835205],254,254,39273,1.0,0.0,0.0,0.0,0.0,0.0,False,0.0,False,0.0,False,1.0,0.0,0.0,0.0,0.0,0.0,False,-1.0,0.0,0.0,False,0.0,False,1.0,0.0,0.0,0.0,0.0,0.0,False,-1.0,0.0,0.0,False,-0.007499993313103914,0.012500000186264515,17.656596191227436,17656,2186975,17.656596191227436,"[array([126.98783112, 175.94587708,  -0.37635103]), array([-4.04688679e-02, -1.47055054e+00,  1.61199496e-04])]"
1733925004326,0.0,[0. 0. 0.],[0. 0. 0.],False,6938.76513671875,TreePine_497,[8267.86425781 8885.82714844  715.01647949],255,255,39279,1.0,0.0,0.0,0.0,0.0,0.0,False,0.0,False,0.0,False,1.0,0.0,0.0,0.0,0.0,0.0,False,-1.0,0.0,0.0,False,0.0,False,1.0,0.0,0.0,0.0,0.0,0.0,False,-1.0,0.0,0.0,False,-0.00937500037252903,0.015625,17.706596191972494,17706,2187025,17.706596191972494,"[array([127.36803436, 175.87289429,  -0.37502089]), array([-3.98609824e-02, -1.50357056e+00,  6.04356574e-05])]"
1733925004374,0.0,[0. 0. 0.],[0. 0. 0.],False,6894.056640625,TreePine_497,[8257.30371094 8889.96972656  711.22412109],256,256,39285,1.0,0.0,0.0,0.0,0.0,0.0,False,0.0,False,0.0,False,1.0,0.0,0.0,0.0,0.0,0.0,False,-1.0,0.0,0.0,False,0.0,False,1.0,0.0,0.0,0.0,0.0,0.0,False,-1.0,0.0,0.0,False,-0.00937500037252903,0.012500000186264515,17.756596192717552,17756,2187075,17.756596192717552,"[array([127.64196777, 175.93069458,  -0.37399265]), array([-3.92462648e-02, -1.47012317e+00,  1.56667680e-04])]"
1733925004419,0.0,[0. 0. 0.],[0. 0. 0.],False,6854.89111328125,TreePine_497,[8251.29296875 8886.19628906  707.91082764],257,257,39290,1.0,0.0,0.0,0.0,0.0,0.0,False,0.0,False,0.0,False,1.0,0.0,0.0,0.0,0.0,0.0,False,-1.0,0.0,0.0,False,0.0,False,1.0,0.0,0.0,0.0,0.0,0.0,False,-1.0,0.0,0.0,False,-0.00937500037252903,0.012500000186264515,17.80659619346261,17806,2187117,17.80659619346261,"[array([128.00875854, 175.85629272,  -0.37272784]), array([-3.86725292e-02, -1.50405884e+00,  6.02021501e-05])]"
1733925004640,0.0,[0. 0. 0.],[0. 0. 0.],False,6811.38427734375,TreePine_497,[8240.42871094 8890.41015625  704.22064209],258,258,39315,1.0,0.0,0.0,0.0,0.0,0.0,False,0.0,False,0.0,False,1.0,0.0,0.0,0.0,0.0,0.0,False,-1.0,0.0,0.0,False,0.0,False,1.0,0.0,0.0,0.0,0.0,0.0,False,-1.0,0.0,0.0,False,-0.00937500037252903,0.015625,17.85659619420767,17856,2187325,17.85659619420767,"[array([128.26683044, 175.91621399,  -0.3717528 ]), array([-3.80851328e-02, -1.46972644e+00,  1.52628898e-04])]"
1733925004727,0.0,[0. 0. 0.],[0. 0. 0.],False,6774.7431640625,TreePine_497,[8235.453125   8886.55078125  701.12017822],259,259,39324,1.0,0.0,0.0,0.0,0.0,0.0,False,0.0,False,0.0,False,1.0,0.0,0.0,0.0,0.0,0.0,False,-1.0,0.0,0.0,False,0.0,False,1.0,0.0,0.0,0.0,0.0,0.0,False,-1.0,0.0,0.0,False,-0.00937500037252903,0.012500000186264515,17.906596194952726,17906,2187400,17.906596194952726,"[array([128.62052917, 175.84043884,  -0.37049624]), array([-3.75045650e-02, -1.50451660e+00,  6.16526886e-05])]"
1733925004745,0.0,[0. 0. 0.],[0. 0. 0.],False,6730.3603515625,TreePine_497,[8222.26074219 8890.87695312  697.34918213],260,260,39333,1.0,0.0,0.0,0.0,0.0,0.0,False,0.0,False,0.0,False,1.0,0.0,0.0,0.0,0.0,0.0,False,-1.0,0.0,0.0,False,0.0,False,1.0,0.0,0.0,0.0,0.0,0.0,False,-1.0,0.0,0.0,False,0.0,0.015625,17.956596195697784,17956,2187475,17.956596195697784,"[array([128.86329651, 175.90226746,  -0.36951393]), array([-3.69240008e-02, -1.46939087e+00,  1.49305139e-04])]"
1733925004860,0.0,[0. 0. 0.],[0. 0. 0.],False,6696.52880859375,TreePine_497,[8218.6484375  8886.93261719  694.4901123 ],261,261,39342,1.0,0.0,0.0,0.0,0.0,0.0,False,0.0,False,0.0,False,1.0,0.0,0.0,0.0,0.0,0.0,False,-1.0,0.0,0.0,False,0.0,False,1.0,0.0,0.0,0.0,0.0,0.0,False,-1.0,0.0,0.0,False,-0.00937500037252903,0.012500000186264515,18.006596196442842,18006,2187550,18.006596196442842,"[array([129.20423889, 175.8253479 ,  -0.36826423]), array([-3.63502651e-02, -1.50494373e+00,  6.28585185e-05])]"
1733925004938,0.0,[0. 0. 0.],[0. 0. 0.],False,9464.296875,InstancedFoliageActor_1,[11004.83691406  8823.71484375   934.00598145],262,262,39351,1.0,0.0,0.0,0.0,0.0,0.0,False,0.0,False,0.0,False,1.0,0.0,0.0,0.0,0.0,0.0,False,-1.0,0.0,0.0,False,0.0,False,1.0,0.0,0.0,0.0,0.0,0.0,False,-1.0,0.0,0.0,False,-0.00937500037252903,0.015625,18.0565961971879,18056,2187625,18.0565961971879,"[array([129.43226624, 175.88894653,  -0.36726978]), array([-3.57628688e-02, -1.46908569e+00,  1.42684876e-04])]"
1733925005025,0.0,[0. 0. 0.],[0. 0. 0.],False,9429.033203125,InstancedFoliageActor_1,[10998.36132812  8818.06152344   931.05096436],263,263,39359,1.0,0.0,0.0,0.0,0.0,0.0,False,0.0,False,0.0,False,1.0,0.0,0.0,0.0,0.0,0.0,False,-1.0,0.0,0.0,False,0.0,False,1.0,0.0,0.0,0.0,0.0,0.0,False,-1.0,0.0,0.0,False,-0.007499993313103914,0.0062500000931322575,18.10659619793296,18106,2187692,18.10659619793296,"[array([129.76072693, 175.81109619,  -0.36609024]), array([-3.52164544e-02, -1.50527954e+00,  6.34840762e-05])]"
1733925005094,0.0,[0. 0. 0.],[0. 0. 0.],False,9402.3828125,InstancedFoliageActor_1,[11000.09863281  8823.86230469   928.83959961],264,264,39369,1.0,0.0,0.0,0.0,0.0,0.0,False,0.0,False,0.0,False,1.0,0.0,0.0,0.0,0.0,0.0,False,-1.0,0.0,0.0,False,0.0,False,1.0,0.0,0.0,0.0,0.0,0.0,False,-1.0,0.0,0.0,False,-0.00937500037252903,0.015625,18.156596198678017,18156,2187775,18.156596198678017,"[array([129.97477722, 175.87605286,  -0.36508891]), array([-3.46358865e-02, -1.46890259e+00,  1.38666350e-04])]"
1733925005156,0.0,[0. 0. 0.],[0. 0. 0.],False,9387.6806640625,InstancedFoliageActor_1,[11012.75488281  8817.66699219   927.65606689],265,265,39377,1.0,0.0,0.0,0.0,0.0,0.0,False,0.0,False,0.0,False,1.0,0.0,0.0,0.0,0.0,0.0,False,-1.0,0.0,0.0,False,0.0,False,1.0,0.0,0.0,0.0,0.0,0.0,False,-1.0,0.0,0.0,False,-0.00937500037252903,0.012500000186264515,18.206596199423075,18206,2187841,18.206596199423075,"[array([130.29096985, 175.79760742,  -0.36380222]), array([-3.40280011e-02, -1.50555420e+00,  6.63826067e-05])]"
1733925005217,0.007017544005066156,[0. 0. 0.],[0. 0. 0.],False,9343.3544921875,InstancedFoliageActor_1,[10995.56835938  8823.984375     923.91369629],266,266,39386,1.0,0.0,0.0,0.0,0.0,0.0,False,0.0,False,0.0,False,1.0,0.0,0.0,0.0,0.0,0.0,False,-1.0,0.0,0.0,False,0.0,False,1.0,0.0,0.0,0.0,0.0,0.0,False,-1.0,0.0,0.0,False,-0.00937500037252903,0.012500000186264515,18.256596200168133,18256,2187916,18.256596200168133,"[array([130.49172974, 175.8636322 ,  -0.36272925]), array([-3.34201120e-02, -1.46878040e+00,  1.33270005e-04])]"
1733925005289,0.0,[0. 0. 0.],[0. 0. 0.],False,6753.779296875,TreePine_497,[8442.5078125 8881.3203125  699.8470459],267,267,39395,1.0,0.0,0.0,0.0,0.0,0.0,False,0.0,False,0.0,False,1.0,0.0,0.0,0.0,0.0,0.0,False,-1.0,0.0,0.0,False,0.0,False,1.0,0.0,0.0,0.0,0.0,0.0,False,-1.0,0.0,0.0,False,-0.00937500037252903,2.015625,18.30659620091319,18306,2187991,18.30659620091319,"[array([130.83222961, 175.73722839,  -0.36318469]), array([-0.03182868, -1.52966297,  0.00234833])]"
1733925005363,0.0,[0. 0. 0.],[0. 0. 0.],False,6713.41357421875,TreePine_497,[8427.95800781 8885.95214844  696.42401123],268,268,39404,1.0,0.0,0.0,0.0,0.0,0.0,False,0.0,False,0.0,False,1.0,0.0,0.0,0.0,0.0,0.0,False,-1.0,0.0,0.0,False,0.0,False,1.0,0.0,0.0,0.0,0.0,0.0,False,-1.0,0.0,0.0,False,-0.00937500037252903,2.012500047683716,18.35659620165825,18356,2188066,18.35659620165825,"[array([131.14788818, 175.64147949,  -0.35637432]), array([-0.02660359, -1.57455456,  0.00436069])]"
1733925005461,0.0,[0. 0. 0.],[0. 0. 0.],False,6686.2880859375,TreePine_497,[8425.73046875 8878.9375      694.24859619],269,269,39413,1.0,0.0,0.0,0.0,0.0,0.0,False,0.0,False,0.0,False,1.0,0.0,0.0,0.0,0.0,0.0,False,-1.0,0.0,0.0,False,0.0,False,1.0,0.0,0.0,0.0,0.0,0.0,False,-1.0,0.0,0.0,False,-0.00937500037252903,2.012500047683716,18.406596202403307,18406,2188141,18.406596202403307,"[array([131.47206116, 175.53668213,  -0.34058869]), array([-0.01790876, -1.6237793 ,  0.00507472])]"
1733925005507,0.0,[0. 0. 0.],[0. 0. 0.],False,6659.4072265625,TreePine_497,[8423.65039062 8873.73535156  692.50579834],270,270,39421,1.0,0.0,0.0,0.0,0.0,0.0,False,0.0,False,0.0,False,1.0,0.0,0.0,0.0,0.0,0.0,False,-1.0,0.0,0.0,False,0.0,False,1.0,0.0,0.0,0.0,0.0,0.0,False,-1.0,0.0,0.0,False,-0.00937500037252903,2.012500047683716,18.456596203148365,18456,2188208,18.456596203148365,"[array([131.80314636, 175.4254303 ,  -0.32705387]), array([-0.01113321, -1.67608631,  0.00484349])]"
1733925005606,0.0,[0. 0. 0.],[0. 0. 0.],False,6634.84033203125,TreePine_497,[8424.02832031 8867.95703125  691.38543701],271,271,39430,1.0,0.0,0.0,0.0,0.0,0.0,False,0.0,False,0.0,False,1.0,0.0,0.0,0.0,0.0,0.0,False,-1.0,0.0,0.0,False,0.0,False,1.0,0.0,0.0,0.0,0.0,0.0,False,-1.0,0.0,0.0,False,-0.00937500037252903,2.015625,18.506596203893423,18506,2188283,18.506596203893423,"[array([132.12937927, 175.32011414,  -0.31896213]), array([-0.00722634, -1.72524989,  0.0045045 ])]"
1733925005670,0.0,[0. 0. 0.],[0. 0. 0.],False,6609.1845703125,TreePine_497,[8423.57324219 8861.85546875  689.94311523],272,272,39439,1.0,0.0,0.0,0.0,0.0,0.0,False,0.0,False,0.0,False,1.0,0.0,0.0,0.0,0.0,0.0,False,-1.0,0.0,0.0,False,0.0,False,1.0,0.0,0.0,0.0,0.0,0.0,False,-1.0,0.0,0.0,False,-0.00937500037252903,2.012500047683716,18.55659620463848,18556,2188358,18.55659620463848,"[array([132.456604  , 175.21902466,  -0.30534422]), array([-3.00528307e-04, -1.77206409e+00,  4.33360273e-03])]"
1733925005752,0.0,[0. 0. 0.],[0. 0. 0.],False,6581.453125,TreePine_497,[8421.08496094 8856.19726562  687.97930908],273,273,39448,1.0,0.0,0.0,0.0,0.0,0.0,False,0.0,False,0.0,False,1.0,0.0,0.0,0.0,0.0,0.0,False,-1.0,0.0,0.0,False,0.0,False,1.0,0.0,0.0,0.0,0.0,0.0,False,-1.0,0.0,0.0,False,-0.00937500037252903,2.015625,18.60659620538354,18606,2188433,18.60659620538354,"[array([132.80892944, 175.09545898,  -0.28574637]), array([ 0.00986962, -1.82995594,  0.00432436])]"
1733925005800,0.0,[0. 0. 0.],[0. 0. 0.],False,6554.4248046875,TreePine_497,[8419.72070312 8850.79980469  686.41156006],274,274,39456,1.0,0.0,0.0,0.0,0.0,0.0,False,0.0,False,0.0,False,1.0,0.0,0.0,0.0,0.0,0.0,False,-1.0,0.0,0.0,False,0.0,False,1.0,0.0,0.0,0.0,0.0,0.0,False,-1.0,0.0,0.0,False,-0.00937500037252903,2.012500047683716,18.656596206128597,18656,2188500,18.656596206128597,"[array([133.13360596, 175.02542114,  -0.26103604]), array([ 0.02269672, -1.86038208,  0.00431817])]"
1733925005871,0.0,[0. 0. 0.],[0. 0. 0.],False,6529.2392578125,TreePine_497,[8420.98925781 8844.09082031  685.36230469],275,275,39465,1.0,0.0,0.0,0.0,0.0,0.0,False,0.0,False,0.0,False,1.0,0.0,0.0,0.0,0.0,0.0,False,-1.0,0.0,0.0,False,0.0,False,1.0,0.0,0.0,0.0,0.0,0.0,False,-1.0,0.0,0.0,False,-0.007499993313103914,2.015625,18.706596206873655,18706,2188575,18.706596206873655,"[array([133.53805542, 174.87109375,  -0.23065977]), array([ 0.03813978, -1.93307471,  0.00390285])]"
1733925005943,0.0,[0. 0. 0.],[0. 0. 0.],False,6500.30322265625,TreePine_497,[8419.88378906 8840.56640625  684.27337646],276,276,39474,1.0,0.0,0.0,0.0,0.0,0.0,False,0.0,False,0.0,False,1.0,0.0,0.0,0.0,0.0,0.0,False,-1.0,0.0,0.0,False,0.0,False,1.0,0.0,0.0,0.0,0.0,0.0,False,-1.0,0.0,0.0,False,-0.00937500037252903,2.012500047683716,18.756596207618713,18756,2188650,18.756596207618713,"[array([133.92204285, 174.76596069,  -0.20878649]), array([ 0.04990136, -1.98037696,  0.00440813])]"
1733925006015,0.0,[0. 0. 0.],[0. 0. 0.],False,6475.33154296875,TreePine_497,[8424.29101562 8832.15234375  683.81176758],277,277,39482,1.0,0.0,0.0,0.0,0.0,0.0,False,0.0,False,0.0,False,1.0,0.0,0.0,0.0,0.0,0.0,False,-1.0,0.0,0.0,False,0.0,False,1.0,0.0,0.0,0.0,0.0,0.0,False,-1.0,0.0,0.0,False,-0.00937500037252903,2.012500047683716,18.80659620836377,18806,2188716,18.80659620836377,"[array([134.36032104, 174.61097717,  -0.18908702]), array([ 0.06072721, -2.05224609,  0.00516511])]"
1733925006101,0.003508772002533078,[0. 0. 0.],[0. 0. 0.],False,9712.2939453125,InstancedFoliageActor_1,[11678.03710938  8719.17089844   970.05316162],278,278,39491,1.0,0.0,0.0,0.0,0.0,0.0,False,0.0,False,0.0,False,1.0,0.0,0.0,0.0,0.0,0.0,False,-1.0,0.0,0.0,False,0.0,False,1.0,0.0,0.0,0.0,0.0,0.0,False,-1.0,0.0,0.0,False,-0.00937500037252903,2.012500047683716,18.85659620910883,18856,2188791,18.85659620910883,"[array([134.81608582, 174.45323181,  -0.1777105 ]), array([ 0.06709295, -2.12493873,  0.00573079])]"
1733925006185,0.003508772002533078,[0. 0. 0.],[0. 0. 0.],False,9693.23046875,InstancedFoliageActor_1,[11691.71679688  8706.50292969   970.19128418],279,279,39499,1.0,0.0,0.0,0.0,0.0,0.0,False,0.0,False,0.0,False,1.0,0.0,0.0,0.0,0.0,0.0,False,-1.0,0.0,0.0,False,0.0,False,1.0,0.0,0.0,0.0,0.0,0.0,False,-1.0,0.0,0.0,False,-0.00937500037252903,2.012500047683716,18.906596209853888,18906,2188858,18.906596209853888,"[array([ 1.35272202e+02,  1.74317261e+02, -1.67467549e-01]), array([ 0.07277566, -2.18603516,  0.0061873 ])]"
1733925006205,0.0,[0. 0. 0.],[0. 0. 0.],False,9700.6396484375,InstancedFoliageActor_1,[11733.45410156  8692.70117188   971.91143799],280,280,39508,1.0,0.0,0.0,0.0,0.0,0.0,False,0.0,False,0.0,False,1.0,0.0,0.0,0.0,0.0,0.0,False,-1.0,0.0,0.0,False,0.0,False,1.0,0.0,0.0,0.0,0.0,0.0,False,-1.0,0.0,0.0,False,-0.00937500037252903,2.015625,18.956596210598946,18956,2188933,18.956596210598946,"[array([ 1.35770813e+02,  1.74147614e+02, -1.57906547e-01]), array([ 0.07815102, -2.26342845,  0.0067031 ])]"
1733925006310,0.0,[0. 0. 0.],[0. 0. 0.],False,9925.357421875,InstancedFoliageActor_1,[11993.32421875  8672.78515625   992.73474121],281,281,39518,1.0,0.0,0.0,0.0,0.0,0.0,False,0.0,False,0.0,False,1.0,0.0,0.0,0.0,0.0,0.0,False,-1.0,0.0,0.0,False,0.0,False,1.0,0.0,0.0,0.0,0.0,0.0,False,-1.0,0.0,0.0,False,-0.007499993313103914,2.012500047683716,19.006596211344004,19006,2189016,19.006596211344004,"[array([ 1.36282532e+02,  1.73982910e+02, -1.50506765e-01]), array([ 0.08179151, -2.33773851,  0.00644993])]"
1733925006381,0.0,[0. 0. 0.],[0. 0. 0.],False,37948.8359375,Landscape_0,[39924.6015625   7597.80224609  3474.13671875],282,282,39526,1.0,0.0,0.0,0.0,0.0,0.0,False,0.0,False,0.0,False,1.0,0.0,0.0,0.0,0.0,0.0,False,-1.0,0.0,0.0,False,0.0,False,1.0,0.0,0.0,0.0,0.0,0.0,False,-1.0,0.0,0.0,False,-0.00937500037252903,2.015625,19.05659621208906,19056,2189083,19.05659621208906,"[array([ 1.36807602e+02,  1.73823898e+02, -1.45096272e-01]), array([ 0.08519294, -2.4084475 ,  0.00719411])]"
1733925006453,0.0,[0. 0. 0.],[0. 0. 0.],False,37866.2421875,Landscape_0,[39880.59765625  7550.39257812  3469.21923828],283,283,39535,1.0,0.0,0.0,0.0,0.0,0.0,False,0.0,False,0.0,False,1.0,0.0,0.0,0.0,0.0,0.0,False,-1.0,0.0,0.0,False,0.0,False,1.0,0.0,0.0,0.0,0.0,0.0,False,-1.0,0.0,0.0,False,-0.00937500037252903,2.012500047683716,19.10659621283412,19106,2189158,19.10659621283412,"[array([ 1.37366226e+02,  1.73642441e+02, -1.41344741e-01]), array([ 0.08780891, -2.48965478,  0.00802465])]"
1733925006526,0.0,[0. 0. 0.],[0. 0. 0.],False,37783.1328125,Landscape_0,[39838.0078125   7505.50878906  3464.08959961],284,284,39543,1.0,0.0,0.0,0.0,0.0,0.0,False,0.0,False,0.0,False,1.0,0.0,0.0,0.0,0.0,0.0,False,-1.0,0.0,0.0,False,0.0,False,1.0,0.0,0.0,0.0,0.0,0.0,False,-1.0,0.0,0.0,False,-0.00937500037252903,2.015625,19.156596213579178,19156,2189225,19.156596213579178,"[array([ 1.37951996e+02,  1.73448471e+02, -1.36956915e-01]), array([ 0.09071174, -2.57629466,  0.00880914])]"
1733925006628,0.0,[0. 0. 0.],[0. 0. 0.],False,37690.27734375,Landscape_0,[39787.28125     7454.23193359  3457.56201172],285,285,39552,1.0,0.0,0.0,0.0,0.0,0.0,False,0.0,False,0.0,False,1.0,0.0,0.0,0.0,0.0,0.0,False,-1.0,0.0,0.0,False,0.0,False,1.0,0.0,0.0,0.0,0.0,0.0,False,-1.0,0.0,0.0,False,-0.00937500037252903,2.015625,19.206596214324236,19206,2189299,19.206596214324236,"[array([ 1.38563354e+02,  1.73244446e+02, -1.32678375e-01]), array([ 0.09351894, -2.66705322,  0.00954478])]"
1733925006677,0.0,[0. 0. 0.],[0. 0. 0.],False,37589.8359375,Landscape_0,[39730.71875     7399.85253906  3450.55395508],286,286,39561,1.0,0.0,0.0,0.0,0.0,0.0,False,0.0,False,0.0,False,1.0,0.0,0.0,0.0,0.0,0.0,False,-1.0,0.0,0.0,False,0.0,False,1.0,0.0,0.0,0.0,0.0,0.0,False,-1.0,0.0,0.0,False,-0.00937500037252903,2.012500047683716,19.256596215069294,19256,2189374,19.256596215069294,"[array([ 1.39199066e+02,  1.73031311e+02, -1.30667180e-01]), array([ 0.09514453, -2.76144481,  0.01027484])]"
1733925006779,0.0,[0. 0. 0.],[0. 0. 0.],False,37487.45703125,Landscape_0,[39674.03125     7343.02392578  3443.29663086],287,287,39570,1.0,0.0,0.0,0.0,0.0,0.0,False,0.0,False,0.0,False,1.0,0.0,0.0,0.0,0.0,0.0,False,-1.0,0.0,0.0,False,0.0,False,1.0,0.0,0.0,0.0,0.0,0.0,False,-1.0,0.0,0.0,False,-0.00937500037252903,0.015625,19.306596215814352,19306,2189449,19.306596215814352,"[array([ 1.39800491e+02,  1.72889526e+02, -1.26124978e-01]), array([ 0.09485766, -2.81970239,  0.00696213])]"
1733925006822,0.0,[0. 0. 0.],[0. 0. 0.],False,37379.12109375,Landscape_0,[39613.23828125  7284.27246094  3434.73388672],288,288,39579,1.0,0.0,0.0,0.0,0.0,0.0,False,0.0,False,0.0,False,1.0,0.0,0.0,0.0,0.0,0.0,False,-1.0,0.0,0.0,False,0.0,False,1.0,0.0,0.0,0.0,0.0,0.0,False,-1.0,0.0,0.0,False,-1.209375023841858,0.015625,19.35659621655941,19356,2189524,19.35659621655941,"[array([140.75727844, 172.26202393,  -0.18132451]), array([ 0.08937302, -3.11663866,  0.0360071 ])]"
1733925006892,0.0,[0. 0. 0.],[0. 0. 0.],False,37280.1875,Landscape_0,[39564.7578125   7248.4765625   3425.76513672],289,289,39588,1.0,0.0,0.0,0.0,0.0,0.0,False,0.0,False,0.0,False,1.0,0.0,0.0,0.0,0.0,0.0,False,-1.0,0.0,0.0,False,0.0,False,1.0,0.0,0.0,0.0,0.0,0.0,False,-1.0,0.0,0.0,False,-1.209375023841858,0.015625,19.406596217304468,19406,2189599,19.406596217304468,"[array([142.72335815, 170.15931702,  -0.31396657]), array([ 0.07487253, -4.13134861,  0.10412891])]"
1733925006985,0.0,[0. 0. 0.],[0. 0. 0.],False,37042.29296875,Landscape_0,[39371.84375     7067.48486328  3401.09521484],290,290,39596,1.0,0.0,0.0,0.0,0.0,0.0,False,0.0,False,0.0,False,1.0,0.0,0.0,0.0,0.0,0.0,False,-1.0,0.0,0.0,False,0.0,False,1.0,0.0,0.0,0.0,0.0,0.0,False,-1.0,0.0,0.0,False,-1.209375023841858,0.012500000186264515,19.456596218049526,19456,2189666,19.456596218049526,"[array([145.77902222, 166.25747681,  -0.48356745]), array([ 0.05301592, -5.99100113,  0.18709007])]"
1733925007035,0.0,[0. 0. 0.],[0. 0. 0.],False,6503.08935546875,TreePine_494,[9041.6640625  8555.76757812  690.38604736],291,291,39604,1.0,0.0,0.0,0.0,0.0,0.0,False,0.0,False,0.0,False,1.0,0.0,0.0,0.0,0.0,0.0,False,-1.0,0.0,0.0,False,0.0,False,1.0,0.0,0.0,0.0,0.0,0.0,False,-1.0,0.0,0.0,False,-0.00937500037252903,0.012500000186264515,19.506596218794584,19506,2189733,19.506596218794584,"[array([149.13566589, 161.51356506,  -0.56752002]), array([ 0.03256634, -8.19989586,  0.21608762])]"
1733925007108,0.0,[0. 0. 0.],[0. 0. 0.],False,6626.150390625,TreePine_494,[9197.75       8328.23632812  698.78436279],292,292,39613,1.0,0.0,0.0,0.0,0.0,0.0,False,0.0,False,0.0,False,1.0,0.0,0.0,0.0,0.0,0.0,False,-1.0,0.0,0.0,False,0.0,False,1.0,0.0,0.0,0.0,0.0,0.0,False,-1.0,0.0,0.0,False,-0.00937500037252903,0.015625,19.556596219539642,19556,2189808,19.556596219539642,"[array([151.34968567, 158.42510986,  -0.50275189]), array([ 0.01677494, -9.59721088,  0.15414804])]"
1733925007205,0.0,[0. 0. 0.],[0. 0. 0.],False,13475.0771484375,TreePine_542,[15972.47460938  7107.04003906  1297.20922852],293,293,39622,1.0,0.0,0.0,0.0,0.0,0.0,False,0.0,False,0.0,False,1.0,0.0,0.0,0.0,0.0,0.0,False,-1.0,0.0,0.0,False,0.0,False,1.0,0.0,0.0,0.0,0.0,0.0,False,-1.0,0.0,0.0,False,-0.00937500037252903,0.012500000186264515,19.6065962202847,19606,2189883,19.6065962202847,"[array([152.61766052, 156.93348694,  -0.45128226]), array([ 2.90283025e-03, -1.02450705e+01,  1.03271872e-01])]"
1733925007230,0.0,[0. 0. 0.],[0. 0. 0.],False,7416.1201171875,TreePine_482,[10020.12304688  7769.47949219   763.71221924],294,294,39631,1.0,0.0,0.0,0.0,0.0,0.0,False,0.0,False,0.0,False,1.0,0.0,0.0,0.0,0.0,0.0,False,-1.0,0.0,0.0,False,0.0,False,1.0,0.0,0.0,0.0,0.0,0.0,False,-1.0,0.0,0.0,False,-1.209375023841858,0.00937500037252903,19.65659622102976,19656,2189958,19.65659622102976,"[array([153.73516846, 155.66687012,  -0.47633788]), array([-8.57188739e-03, -1.07838297e+01,  1.05198562e-01])]"
1733925007326,0.0,[0. 0. 0.],[0. 0. 0.],False,7162.787109375,TreePine_482,[9807.61328125 7722.39550781  739.83758545],295,295,39640,1.0,0.0,0.0,0.0,0.0,0.0,False,0.0,False,0.0,False,1.0,0.0,0.0,0.0,0.0,0.0,False,-1.0,0.0,0.0,False,0.0,False,1.0,0.0,0.0,0.0,0.0,0.0,False,-1.0,0.0,0.0,False,-1.209375023841858,0.00937500037252903,19.706596221774817,19706,2190033,19.706596221774817,"[array([155.38778687, 153.27716064,  -0.57019866]), array([ -0.01982121, -11.82377911,   0.15216866])]"
1733925007398,0.0,[0. 0. 0.],[0. 0. 0.],False,7116.23486328125,TreePine_482,[9799.24414062 7655.96875     734.36883545],296,296,39648,1.0,0.0,0.0,0.0,0.0,0.0,False,0.0,False,0.0,False,1.0,0.0,0.0,0.0,0.0,0.0,False,-1.0,0.0,0.0,False,0.0,False,1.0,0.0,0.0,0.0,0.0,0.0,False,-1.0,0.0,0.0,False,-1.2074999809265137,0.012500000186264515,19.756596222519875,19756,2190099,19.756596222519875,"[array([157.75036621, 149.21470642,  -0.69405013]), array([ -0.03177404, -13.59502029,   0.21776989])]"
1733925007500,0.0,[0. 0. 0.],[0. 0. 0.],False,7108.3203125,TreePine_482,[9814.41113281 7521.67236328  732.30474854],297,297,39657,1.0,0.0,0.0,0.0,0.0,0.0,False,0.0,False,0.0,False,1.0,0.0,0.0,0.0,0.0,0.0,False,-1.0,0.0,0.0,False,0.0,False,1.0,0.0,0.0,0.0,0.0,0.0,False,-1.0,0.0,0.0,False,-1.209375023841858,0.015625,19.806596223264933,19806,2190174,19.806596223264933,"[array([160.66471863, 143.40956116,  -0.82176679]), array([ -0.04448502, -16.09718132,   0.28493315])]"
1733925007568,0.0,[0. 0. 0.],[0. 0. 0.],False,30456.7890625,InstancedFoliageActor_1,[32431.546875    1870.89453125  2752.74926758],298,298,39666,1.0,0.0,0.0,0.0,0.0,0.0,False,0.0,False,0.0,False,1.0,0.0,0.0,0.0,0.0,0.0,False,-1.0,0.0,0.0,False,0.0,False,1.0,0.0,0.0,0.0,0.0,0.0,False,-1.0,0.0,0.0,False,-1.2074999809265137,0.015625,19.85659622400999,19856,2190249,19.85659622400999,"[array([163.88072205, 135.84367371,  -0.94937092]), array([ -0.05817955, -19.30187607,   0.35079733])]"
1733925007618,0.003508772002533078,[0. 0. 0.],[0. 0. 0.],False,31829.03515625,InstancedFoliageActor_1,[33453.1328125    202.16308594  2864.50512695],299,299,39674,1.0,0.0,0.0,0.0,0.0,0.0,False,0.0,False,0.0,False,1.0,0.0,0.0,0.0,0.0,0.0,False,-1.0,0.0,0.0,False,0.0,False,1.0,0.0,0.0,0.0,0.0,0.0,False,-1.0,0.0,0.0,False,-1.209375023841858,0.015625,19.90659622475505,19906,2190316,19.90659622475505,"[array([167.02693176, 126.7514801 ,  -1.06347454]), array([ -0.07222924, -23.07788658,   0.40743929])]"
1733925007721,0.0,[0. 0. 0.],[0. 0. 0.],False,10392.845703125,TreePine_462,[12788.4921875   5516.83056641  1010.52325439],300,300,39684,1.0,0.0,0.0,0.0,0.0,0.0,False,0.0,False,0.0,False,1.0,0.0,0.0,0.0,0.0,0.0,False,-1.0,0.0,0.0,False,0.0,False,1.0,0.0,0.0,0.0,0.0,0.0,False,-1.0,0.0,0.0,False,-1.209375023841858,0.015625,19.956596225500107,19956,2190399,19.956596225500107,"[array([169.7794342 , 116.29827118,  -1.16789162]), array([ -0.08728981, -27.34012985,   0.45650238])]"
1733925007738,0.0,[0. 0. 0.],[0. 0. 0.],False,40073.5625,Landscape_0,[39809.4765625  -6670.31738281  3557.18383789],301,301,39692,1.0,0.0,0.0,0.0,0.0,0.0,False,0.0,False,0.0,False,1.0,0.0,0.0,0.0,0.0,0.0,False,-1.0,0.0,0.0,False,0.0,False,1.0,0.0,0.0,0.0,0.0,0.0,False,-1.0,0.0,0.0,False,-1.209375023841858,0.012500000186264515,20.006596226245165,20006,2190466,20.006596226245165,"[array([171.81378174, 104.90325928,  -1.24974608]), array([ -0.10223427, -31.91776848,   0.49104851])]"
1733925007865,0.0,[0. 0. 0.],[0. 0. 0.],False,8665.6875,TreePine_62,[10756.74121094  4933.40966797   857.39831543],302,302,39702,1.0,0.0,0.0,0.0,0.0,0.0,False,0.0,False,0.0,False,1.0,0.0,0.0,0.0,0.0,0.0,False,-1.0,0.0,0.0,False,0.0,False,1.0,0.0,0.0,0.0,0.0,0.0,False,-1.0,0.0,0.0,False,-1.209375023841858,0.0062500000931322575,20.056596226990223,20056,2190549,20.056596226990223,"[array([172.92720032,  92.77766418,  -1.31589532]), array([ -0.11680306, -36.74445724,   0.51581651])]"
1733925007944,0.0,[0. 0. 0.],[0. 0. 0.],False,5654.2744140625,Veg_Tree_Cypress_Big4,[7895.76416016 5892.71289062  598.09997559],303,303,39711,1.0,0.0,0.0,0.0,0.0,0.0,False,0.0,False,0.0,False,1.0,0.0,0.0,0.0,0.0,0.0,False,-1.0,0.0,0.0,False,0.0,False,1.0,0.0,0.0,0.0,0.0,0.0,False,-1.0,0.0,0.0,False,-1.209375023841858,0.015625,20.10659622773528,20106,2190624,20.10659622773528,"[array([172.97399902,  80.23003387,  -1.35176253]), array([ -0.12726007, -41.72638321,   0.52605432])]"
1733925008008,0.0,[0. 0. 0.],[0. 0. 0.],False,3637.76220703125,SM_BigFountain,[6040.77734375 6676.20800781  425.0609436 ],304,304,39719,1.0,0.0,0.0,0.0,0.0,0.0,False,0.0,False,0.0,False,1.0,0.0,0.0,0.0,0.0,0.0,False,-1.0,0.0,0.0,False,0.0,False,1.0,0.0,0.0,0.0,0.0,0.0,False,-1.0,0.0,0.0,False,-1.209375023841858,0.0062500000931322575,20.15659622848034,20156,2190691,20.15659622848034,"[array([171.85653687,  67.35715485,  -1.36992347]), array([ -0.1341859 , -46.86395645,   0.52919477])]"
1733925008061,0.0,[0. 0. 0.],[0. 0. 0.],False,5382.98779296875,SM_Mall3_455,[7162.66552734 5254.02636719  572.62463379],305,305,39728,1.0,0.0,0.0,0.0,0.0,0.0,False,0.0,False,0.0,False,1.0,0.0,0.0,0.0,0.0,0.0,False,-1.0,0.0,0.0,False,0.0,False,1.0,0.0,0.0,0.0,0.0,0.0,False,-1.0,0.0,0.0,False,-1.209375023841858,0.015625,20.206596229225397,20206,2190766,20.206596229225397,"[array([169.56504822,  54.5982132 ,  -1.35629845]), array([ -0.13657646, -52.02220154,   0.51732284])]"
1733925008162,0.0,[0. 0. 0.],[0. 0. 0.],False,1262.32763671875,AmericanLights_Town04_3_TrafficLight,[4029.56152344 7875.01269531  222.53065491],306,306,39736,1.0,0.0,0.0,0.0,0.0,0.0,False,0.0,False,0.0,False,1.0,0.0,0.0,0.0,0.0,0.0,False,-1.0,0.0,0.0,False,0.0,False,1.0,0.0,0.0,0.0,0.0,0.0,False,-1.0,0.0,0.0,False,-1.2074999809265137,0.012500000186264515,20.256596229970455,20256,2190832,20.256596229970455,"[array([166.15214539,  42.18837738,  -1.32433009]), array([ -0.13630325, -57.14621353,   0.496865  ])]"
1733925008236,0.0,[0. 0. 0.],[0. 0. 0.],False,3882.76806640625,SM_Mall3_455,[5567.4921875  5722.83447266  444.59469604],307,307,39745,1.0,0.0,0.0,0.0,0.0,0.0,False,0.0,False,0.0,False,1.0,0.0,0.0,0.0,0.0,0.0,False,-1.0,0.0,0.0,False,0.0,False,1.0,0.0,0.0,0.0,0.0,0.0,False,-1.0,0.0,0.0,False,-1.2074999809265137,0.012500000186264515,20.306596230715513,20306,2190907,20.306596230715513,"[array([161.81077576,  30.53706551,  -1.27761996]), array([ -0.13389902, -62.09645462,   0.46943894])]"
1733925008290,0.0,[0. 0. 0.],[0. 0. 0.],False,3419.56640625,Veg_Tree_Cypress_Big2,[5043.78125    5885.02832031  405.34362793],308,308,39754,1.0,0.0,0.0,0.0,0.0,0.0,False,0.0,False,0.0,False,1.0,0.0,0.0,0.0,0.0,0.0,False,-1.0,0.0,0.0,False,0.0,False,1.0,0.0,0.0,0.0,0.0,0.0,False,-1.0,0.0,0.0,False,-1.209375023841858,0.015625,20.35659623146057,20356,2190982,20.35659623146057,"[array([156.67448425,  19.69415474,  -1.26276529]), array([ -0.13073665, -66.87068939,   0.46361896])]"
1733925008378,0.003508772002533078,[0. 0. 0.],[0. 0. 0.],False,3407.3544921875,SM_Mall3_455,[4790.62353516 5722.83789062  404.43719482],309,309,39763,1.0,0.0,0.0,0.0,0.0,0.0,False,0.0,False,0.0,False,1.0,0.0,0.0,0.0,0.0,0.0,False,-1.0,0.0,0.0,False,0.0,False,1.0,0.0,0.0,0.0,0.0,0.0,False,-1.0,0.0,0.0,False,-0.00937500037252903,0.015625,20.40659623220563,20406,2191057,20.40659623220563,"[array([151.08876038,   9.99740219,  -1.18866313]), array([ -0.1195283 , -71.3177948 ,   0.42941019])]"
1733925008445,0.0,[0. 0. 0.],[0. 0. 0.],False,3070.557373046875,Veg_Tree_Cypress_Big3,[4406.10253906 5885.62988281  376.01950073],310,310,39771,1.0,0.0,0.0,0.0,0.0,0.0,False,0.0,False,0.0,False,1.0,0.0,0.0,0.0,0.0,0.0,False,-1.0,0.0,0.0,False,0.0,False,1.0,0.0,0.0,0.0,0.0,0.0,False,-1.0,0.0,0.0,False,-0.00937500037252903,0.015625,20.456596232950687,20456,2191124,20.456596232950687,"[array([146.03619385,   2.42946291,  -1.00218463]), array([ -0.09715261, -74.91880035,   0.33612075])]"
1733925008494,0.0,[0. 0. 0.],[0. 0. 0.],False,3581.601318359375,SM_Mall3_455,[4348.93212891 5295.36376953  420.06555176],311,311,39780,1.0,0.0,0.0,0.0,0.0,0.0,False,0.0,False,0.0,False,1.0,0.0,0.0,0.0,0.0,0.0,False,-1.0,0.0,0.0,False,0.0,False,1.0,0.0,0.0,0.0,0.0,0.0,False,-1.0,0.0,0.0,False,-0.007499993313103914,2.012500047683716,20.506596233695745,20506,2191199,20.506596233695745,"[array([142.27290344,  -2.70946288,  -0.75032163]), array([-7.35201538e-02, -7.74177094e+01,  2.01919913e-01])]"
1733925008567,0.0,[0. 0. 0.],[0. 0. 0.],False,4435.8515625,SM_Mall3_455,[4356.96142578 4384.54443359  494.42248535],312,312,39788,1.0,0.0,0.0,0.0,0.0,0.0,False,0.0,False,0.0,False,1.0,0.0,0.0,0.0,0.0,0.0,False,-1.0,0.0,0.0,False,0.0,False,1.0,0.0,0.0,0.0,0.0,0.0,False,-1.0,0.0,0.0,False,-0.00937500037252903,2.012500047683716,20.556596234440804,20556,2191266,20.556596234440804,"[array([140.23382568,  -5.45841789,  -0.49392748]), array([-5.48395850e-02, -7.87285309e+01,  5.86502776e-02])]"
1733925008641,0.003508772002533078,[0. 0. 0.],[0. 0. 0.],False,5348.6806640625,SM_Mall3_455,[4369.30859375 3426.19091797  574.59423828],313,313,39797,1.0,0.0,0.0,0.0,0.0,0.0,False,0.0,False,0.0,False,1.0,0.0,0.0,0.0,0.0,0.0,False,-1.0,0.0,0.0,False,0.0,False,1.0,0.0,0.0,0.0,0.0,0.0,False,-1.0,0.0,0.0,False,-0.00937500037252903,2.015625,20.60659623518586,20606,2191341,20.60659623518586,"[array([139.32983398,  -6.80185509,  -0.36440325]), array([-4.87675481e-02, -7.93134384e+01, -1.79929696e-02])]"
1733925008724,0.0,[0. 0. 0.],[0. 0. 0.],False,5866.3779296875,SM_Mall3_455,[4352.58349609 2870.09960938  620.93725586],314,314,39806,1.0,0.0,0.0,0.0,0.0,0.0,False,0.0,False,0.0,False,1.0,0.0,0.0,0.0,0.0,0.0,False,-1.0,0.0,0.0,False,0.0,False,1.0,0.0,0.0,0.0,0.0,0.0,False,-1.0,0.0,0.0,False,-0.00937500037252903,2.012500047683716,20.65659623593092,20656,2191416,20.65659623593092,"[array([138.99424744,  -7.47848606,  -0.29916334]), array([-3.82149071e-02, -7.95460052e+01, -4.73362841e-02])]"
1733925008809,0.0,[0. 0. 0.],[0. 0. 0.],False,6146.95703125,SM_Mall3_455,[4348.92089844 2559.61035156  645.75531006],315,315,39815,1.0,0.0,0.0,0.0,0.0,0.0,False,0.0,False,0.0,False,1.0,0.0,0.0,0.0,0.0,0.0,False,-1.0,0.0,0.0,False,0.0,False,1.0,0.0,0.0,0.0,0.0,0.0,False,-1.0,0.0,0.0,False,-0.00937500037252903,2.0093750953674316,20.706596236675978,20706,2191491,20.706596236675978,"[array([138.90345764,  -7.88951159,  -0.24945213]), array([-1.58870183e-02, -7.96297226e+01, -5.15813455e-02])]"
1733925008882,0.0,[0. 0. 0.],[0. 0. 0.],False,6593.271484375,SM_Mall3_455,[4409.53173828 2093.74072266  685.45324707],316,316,39823,1.0,0.0,0.0,0.0,0.0,0.0,False,0.0,False,0.0,False,1.0,0.0,0.0,0.0,0.0,0.0,False,-1.0,0.0,0.0,False,0.0,False,1.0,0.0,0.0,0.0,0.0,0.0,False,-1.0,0.0,0.0,False,-0.00937500037252903,2.015625,20.756596237421036,20756,2191557,20.756596237421036,"[array([138.85255432,  -8.26650333,  -0.23373327]), array([-7.37660390e-04, -7.96900940e+01, -4.27845828e-02])]"
1733925008928,0.0,[0. 0. 0.],[0. 0. 0.],False,6701.580078125,SM_Mall3_455,[4424.08789062 1960.65527344  697.42016602],317,317,39832,1.0,0.0,0.0,0.0,0.0,0.0,False,0.0,False,0.0,False,1.0,0.0,0.0,0.0,0.0,0.0,False,-1.0,0.0,0.0,False,0.0,False,1.0,0.0,0.0,0.0,0.0,0.0,False,-1.0,0.0,0.0,False,-0.00937500037252903,2.012500047683716,20.806596238166094,20806,2191632,20.806596238166094,"[array([138.80615234,  -8.64280224,  -0.23419595]), array([ 6.70724548e-03, -7.97480774e+01, -3.31522226e-02])]"
1733925009002,0.003508772002533078,[0. 0. 0.],[0. 0. 0.],False,6673.49462890625,SM_Mall3_455,[4416.92919922 1960.65673828  696.73303223],318,318,39840,1.0,0.0,0.0,0.0,0.0,0.0,False,0.0,False,0.0,False,1.0,0.0,0.0,0.0,0.0,0.0,False,-1.0,0.0,0.0,False,0.0,False,1.0,0.0,0.0,0.0,0.0,0.0,False,-1.0,0.0,0.0,False,-0.00937500037252903,2.012500047683716,20.856596238911152,20856,2191699,20.856596238911152,"[array([138.76785278,  -9.01985359,  -0.22994949]), array([ 1.56274717e-02, -7.98018646e+01, -2.47428007e-02])]"
1733925009079,0.003508772002533078,[0. 0. 0.],[0. 0. 0.],False,6644.9912109375,SM_Mall3_455,[4410.12304688 1960.65527344  695.10571289],319,319,39849,1.0,0.0,0.0,0.0,0.0,0.0,False,0.0,False,0.0,False,1.0,0.0,0.0,0.0,0.0,0.0,False,-1.0,0.0,0.0,False,0.0,False,1.0,0.0,0.0,0.0,0.0,0.0,False,-1.0,0.0,0.0,False,-0.00937500037252903,2.012500047683716,20.90659623965621,20906,2191774,20.90659623965621,"[array([138.73260498,  -9.40708923,  -0.22094204]), array([ 2.57498119e-02, -7.98548508e+01, -1.79221109e-02])]"
1733925009151,0.0,[0. 0. 0.],[0. 0. 0.],False,6758.6640625,SM_Mall3_455,[4429.24365234 1820.54882812  706.06652832],320,320,39858,1.0,0.0,0.0,0.0,0.0,0.0,False,0.0,False,0.0,False,1.0,0.0,0.0,0.0,0.0,0.0,False,-1.0,0.0,0.0,False,0.0,False,1.0,0.0,0.0,0.0,0.0,0.0,False,-1.0,0.0,0.0,False,-0.00937500037252903,2.012500047683716,20.956596240401268,20956,2191849,20.956596240401268,"[array([138.670578  ,  -9.85089779,  -0.19189419]), array([ 4.54139262e-02, -7.99264374e+01, -1.21839037e-02])]"
1733925009223,0.003508772002533078,[0. 0. 0.],[0. 0. 0.],False,6728.22314453125,SM_Mall3_455,[4422.91552734 1820.54833984  704.58178711],321,321,39867,1.0,0.0,0.0,0.0,0.0,0.0,False,0.0,False,0.0,False,1.0,0.0,0.0,0.0,0.0,0.0,False,-1.0,0.0,0.0,False,0.0,False,1.0,0.0,0.0,0.0,0.0,0.0,False,-1.0,0.0,0.0,False,-0.00937500037252903,2.015625,21.006596241146326,21006,2191924,21.006596241146326,"[array([138.59416199, -10.33500004,  -0.17118992]), array([ 5.99007569e-02, -8.00087128e+01, -7.50601152e-03])]"
1733925009322,0.003508772002533078,[0. 0. 0.],[0. 0. 0.],False,6695.2607421875,SM_Mall3_455,[4414.40917969 1820.54736328  703.96600342],322,322,39876,1.0,0.0,0.0,0.0,0.0,0.0,False,0.0,False,0.0,False,1.0,0.0,0.0,0.0,0.0,0.0,False,-1.0,0.0,0.0,False,0.0,False,1.0,0.0,0.0,0.0,0.0,0.0,False,-1.0,0.0,0.0,False,-0.00937500037252903,2.015625,21.056596241891384,21056,2191999,21.056596241891384,"[array([138.59037781, -10.75603485,  -0.16125461]), array([ 6.77827969e-02, -8.00478973e+01, -4.09990689e-03])]"
1733925009369,0.0,[0. 0. 0.],[0. 0. 0.],False,6687.78125,SM_Mall3_455,[4409.53125    1793.23632812  704.97930908],323,323,39885,1.0,0.0,0.0,0.0,0.0,0.0,False,0.0,False,0.0,False,1.0,0.0,0.0,0.0,0.0,0.0,False,-1.0,0.0,0.0,False,0.0,False,1.0,0.0,0.0,0.0,0.0,0.0,False,-1.0,0.0,0.0,False,0.0,2.012500047683716,21.106596242636442,21106,2192074,21.106596242636442,"[array([138.5776825 , -11.20789051,  -0.14989576]), array([ 7.30693564e-02, -8.00946274e+01, -4.87081241e-03])]"
1733925009470,0.0,[0. 0. 0.],[0. 0. 0.],False,6929.97705078125,Veg_Tree_Cypress_Big9,[4453.16455078 1520.14599609  727.2835083 ],324,324,39893,1.0,0.0,0.0,0.0,0.0,0.0,False,0.0,False,0.0,False,1.0,0.0,0.0,0.0,0.0,0.0,False,-1.0,0.0,0.0,False,0.0,False,1.0,0.0,0.0,0.0,0.0,0.0,False,-1.0,0.0,0.0,False,-0.00937500037252903,0.012500000186264515,21.1565962433815,21156,2192141,21.1565962433815,"[array([138.66349792, -11.56581974,  -0.14754452]), array([ 7.39026442e-02, -8.00828171e+01, -5.36035188e-03])]"
1733925009536,0.0,[0. 0. 0.],[0. 0. 0.],False,6897.4775390625,Veg_Tree_Cypress_Big9,[4448.37402344 1514.57763672  725.04119873],325,325,39902,1.0,0.0,0.0,0.0,0.0,0.0,False,0.0,False,0.0,False,1.0,0.0,0.0,0.0,0.0,0.0,False,-1.0,0.0,0.0,False,0.0,False,1.0,0.0,0.0,0.0,0.0,0.0,False,-1.0,0.0,0.0,False,-0.00937500037252903,0.015625,21.20659624412656,21206,2192216,21.20659624412656,"[array([138.6855011 , -12.00927734,  -0.1549532 ]), array([ 7.05968291e-02, -8.01113815e+01, -4.68398258e-03])]"
1733925009598,0.0,[0. 0. 0.],[0. 0. 0.],False,6848.42333984375,Veg_Tree_Cypress_Big9,[4447.91748047 1524.97265625  720.80065918],326,326,39911,1.0,0.0,0.0,0.0,0.0,0.0,False,0.0,False,0.0,False,1.0,0.0,0.0,0.0,0.0,0.0,False,-1.0,0.0,0.0,False,0.0,False,1.0,0.0,0.0,0.0,0.0,0.0,False,-1.0,0.0,0.0,False,-0.00937500037252903,0.012500000186264515,21.256596244871616,21256,2192291,21.256596244871616,"[array([138.79653931, -12.35898876,  -0.17295122]), array([ 6.17995486e-02, -8.00860672e+01, -3.99934500e-03])]"
1733925009675,0.0,[0. 0. 0.],[0. 0. 0.],False,6806.77197265625,Veg_Tree_Cypress_Big9,[4444.28515625 1526.14453125  716.72930908],327,327,39920,1.0,0.0,0.0,0.0,0.0,0.0,False,0.0,False,0.0,False,1.0,0.0,0.0,0.0,0.0,0.0,False,-1.0,0.0,0.0,False,0.0,False,1.0,0.0,0.0,0.0,0.0,0.0,False,-1.0,0.0,0.0,False,-0.00937500037252903,0.012500000186264515,21.306596245616674,21306,2192365,21.306596245616674,"[array([138.81912231, -12.80996037,  -0.19831733]), array([ 4.93822657e-02, -8.01150589e+01, -3.06510320e-03])]"
1733925009746,0.0,[0. 0. 0.],[0. 0. 0.],False,6739.400390625,Veg_Tree_Cypress_Big9,[4442.56201172 1552.99072266  709.75152588],328,328,39929,1.0,0.0,0.0,0.0,0.0,0.0,False,0.0,False,0.0,False,1.0,0.0,0.0,0.0,0.0,0.0,False,-1.0,0.0,0.0,False,0.0,False,1.0,0.0,0.0,0.0,0.0,0.0,False,-1.0,0.0,0.0,False,-0.00937500037252903,0.0062500000931322575,21.356596246361732,21356,2192440,21.356596246361732,"[array([138.93534851, -13.1530714 ,  -0.22520944]), array([ 3.58994715e-02, -8.00865555e+01, -2.46495823e-03])]"
1733925009857,0.0,[0. 0. 0.],[0. 0. 0.],False,6692.947265625,Veg_Tree_Cypress_Big9,[4438.25976562 1558.08740234  704.21722412],329,329,39939,1.0,0.0,0.0,0.0,0.0,0.0,False,0.0,False,0.0,False,1.0,0.0,0.0,0.0,0.0,0.0,False,-1.0,0.0,0.0,False,0.0,False,1.0,0.0,0.0,0.0,0.0,0.0,False,-1.0,0.0,0.0,False,-0.00937500037252903,0.012500000186264515,21.40659624710679,21406,2192524,21.40659624710679,"[array([138.95669556, -13.59893036,  -0.25113419]), array([ 2.29426045e-02, -8.01157303e+01, -1.83509314e-03])]"
1733925009940,0.003508772002533078,[0. 0. 0.],[0. 0. 0.],False,6710.15380859375,Veg_Tree_Cypress_Big9,[4451.48388672 1502.03076172  704.17114258],330,330,39949,1.0,0.0,0.0,0.0,0.0,0.0,False,0.0,False,0.0,False,1.0,0.0,0.0,0.0,0.0,0.0,False,-1.0,0.0,0.0,False,0.0,False,1.0,0.0,0.0,0.0,0.0,0.0,False,-1.0,0.0,0.0,False,-0.007499993313103914,2.012500047683716,21.45659624785185,21456,2192607,21.45659624785185,"[array([139.03421021, -13.97497559,  -0.27748147]), array([ 1.14678871e-02, -8.01096649e+01,  9.31641669e-04])]"
1733925010024,0.003508772002533078,[0. 0. 0.],[0. 0. 0.],False,6663.7529296875,Veg_Tree_Cypress_Big9,[4447.08642578 1507.61865234  698.60803223],331,331,39959,1.0,0.0,0.0,0.0,0.0,0.0,False,0.0,False,0.0,False,1.0,0.0,0.0,0.0,0.0,0.0,False,-1.0,0.0,0.0,False,0.0,False,1.0,0.0,0.0,0.0,0.0,0.0,False,-1.0,0.0,0.0,False,-0.007499993313103914,2.012500047683716,21.506596248596907,21506,2192690,21.506596248596907,"[array([138.97969055, -14.49374008,  -0.2974399 ]), array([ 2.80037732e-03, -8.01834488e+01,  3.04981926e-03])]"
1733925010073,0.0,[0. 0. 0.],[0. 0. 0.],False,6051.458984375,SM_Mall3_455,[4348.91943359 2069.60449219  643.80218506],332,332,39969,1.0,0.0,0.0,0.0,0.0,0.0,False,0.0,False,0.0,False,1.0,0.0,0.0,0.0,0.0,0.0,False,-1.0,0.0,0.0,False,0.0,False,1.0,0.0,0.0,0.0,0.0,0.0,False,-1.0,0.0,0.0,False,-0.00937500037252903,2.012500047683716,21.556596249341965,21556,2192774,21.556596249341965,"[array([138.99610901, -14.92851067,  -0.30894527]), array([-1.79633964e-03, -8.02131424e+01,  4.78113862e-03])]"
1733925010170,0.0,[0. 0. 0.],[0. 0. 0.],False,6056.9306640625,SM_Mall3_455,[4348.91894531 2024.56298828  643.37481689],333,333,39978,1.0,0.0,0.0,0.0,0.0,0.0,False,0.0,False,0.0,False,1.0,0.0,0.0,0.0,0.0,0.0,False,-1.0,0.0,0.0,False,0.0,False,1.0,0.0,0.0,0.0,0.0,0.0,False,-1.0,0.0,0.0,False,-0.00937500037252903,2.015625,21.606596250087023,21606,2192849,21.606596250087023,"[array([138.90161133, -15.48787117,  -0.30994776]), array([-1.39335846e-03, -8.03101959e+01,  5.93282608e-03])]"
1733925010231,0.0,[0. 0. 0.],[0. 0. 0.],False,6036.59130859375,SM_Mall3_455,[4348.91943359 2005.94726562  641.12316895],334,334,39988,1.0,0.0,0.0,0.0,0.0,0.0,False,0.0,False,0.0,False,1.0,0.0,0.0,0.0,0.0,0.0,False,-1.0,0.0,0.0,False,0.0,False,1.0,0.0,0.0,0.0,0.0,0.0,False,-1.0,0.0,0.0,False,-0.00937500037252903,2.012500047683716,21.65659625083208,21656,2192932,21.65659625083208,"[array([138.89004517, -15.95912075,  -0.30081314]), array([ 3.97516973e-03, -8.03567352e+01,  6.71527069e-03])]"
1733925010308,0.003508772002533078,[0. 0. 0.],[0. 0. 0.],False,6057.25927734375,SM_Mall3_455,[4348.91894531 1945.89941406  642.96643066],335,335,39997,1.0,0.0,0.0,0.0,0.0,0.0,False,0.0,False,0.0,False,1.0,0.0,0.0,0.0,0.0,0.0,False,-1.0,0.0,0.0,False,0.0,False,1.0,0.0,0.0,0.0,0.0,0.0,False,-1.0,0.0,0.0,False,-0.00937500037252903,2.012500047683716,21.70659625157714,21706,2193007,21.70659625157714,"[array([138.79191589, -16.53673363,  -0.2845138 ]), array([ 1.29227173e-02, -8.04564667e+01,  7.32522225e-03])]"
1733925010413,0.0,[0. 0. 0.],[0. 0. 0.],False,6047.25927734375,SM_Mall3_455,[4348.91845703 1916.40771484  642.65447998],336,336,40006,1.0,0.0,0.0,0.0,0.0,0.0,False,0.0,False,0.0,False,1.0,0.0,0.0,0.0,0.0,0.0,False,-1.0,0.0,0.0,False,0.0,False,1.0,0.0,0.0,0.0,0.0,0.0,False,-1.0,0.0,0.0,False,-0.007499993313103914,2.015625,21.756596252322197,21756,2193082,21.756596252322197,"[array([138.77778625, -17.03384781,  -0.26327333]), array([ 2.38305293e-02, -8.05059662e+01,  7.17570446e-03])]"
1733925010497,0.0,[0. 0. 0.],[0. 0. 0.],False,6069.44580078125,SM_Mall3_455,[4348.91894531 1853.56054688  645.52661133],337,337,40016,1.0,0.0,0.0,0.0,0.0,0.0,False,0.0,False,0.0,False,1.0,0.0,0.0,0.0,0.0,0.0,False,-1.0,0.0,0.0,False,0.0,False,1.0,0.0,0.0,0.0,0.0,0.0,False,-1.0,0.0,0.0,False,-0.00937500037252903,2.015625,21.806596253067255,21806,2193165,21.806596253067255,"[array([138.69325256, -17.62536049,  -0.24205923]), array([ 3.54008675e-02, -8.05991898e+01,  7.88377225e-03])]"
1733925010567,0.0,[0. 0. 0.],[0. 0. 0.],False,6059.80615234375,SM_Mall3_455,[4348.91845703 1821.67431641  645.82415771],338,338,40025,1.0,0.0,0.0,0.0,0.0,0.0,False,0.0,False,0.0,False,1.0,0.0,0.0,0.0,0.0,0.0,False,-1.0,0.0,0.0,False,0.0,False,1.0,0.0,0.0,0.0,0.0,0.0,False,-1.0,0.0,0.0,False,-0.00937500037252903,2.012500047683716,21.856596253812313,21856,2193240,21.856596253812313,"[array([138.65814209, -18.18021965,  -0.22110271]), array([ 4.68687564e-02, -8.06635818e+01,  8.61389842e-03])]"
1733925010618,0.0,[0. 0. 0.],[0. 0. 0.],False,6317.24267578125,Veg_Tree_Cypress_Big9,[4388.47363281 1525.22460938  669.62915039],339,339,40034,1.0,0.0,0.0,0.0,0.0,0.0,False,0.0,False,0.0,False,1.0,0.0,0.0,0.0,0.0,0.0,False,-1.0,0.0,0.0,False,0.0,False,1.0,0.0,0.0,0.0,0.0,0.0,False,-1.0,0.0,0.0,False,-0.00937500037252903,2.012500047683716,21.90659625455737,21906,2193315,21.90659625455737,"[array([138.57347107, -18.8100338 ,  -0.20116453]), array([ 5.77629060e-02, -8.07592163e+01,  9.29587893e-03])]"
1733925010720,0.0,[0. 0. 0.],[0. 0. 0.],False,6265.2861328125,Veg_Tree_Cypress_Big9,[4380.17382812 1531.58935547  666.30853271],340,340,40043,1.0,0.0,0.0,0.0,0.0,0.0,False,0.0,False,0.0,False,1.0,0.0,0.0,0.0,0.0,0.0,False,-1.0,0.0,0.0,False,0.0,False,1.0,0.0,0.0,0.0,0.0,0.0,False,-1.0,0.0,0.0,False,-0.00937500037252903,2.015625,21.95659625530243,21956,2193390,21.95659625530243,"[array([138.51678467, -19.42938423,  -0.18478155]), array([ 6.67172819e-02, -8.08391647e+01,  9.85984132e-03])]"
1733925010791,0.0,[0. 0. 0.],[0. 0. 0.],False,6172.59912109375,Veg_Tree_Cypress_Big9,[4362.33349609 1575.66845703  659.31481934],341,341,40052,1.0,0.0,0.0,0.0,0.0,0.0,False,0.0,False,0.0,False,1.0,0.0,0.0,0.0,0.0,0.0,False,-1.0,0.0,0.0,False,0.0,False,1.0,0.0,0.0,0.0,0.0,0.0,False,-1.0,0.0,0.0,False,-0.007499993313103914,2.015625,22.006596256047487,22006,2193465,22.006596256047487,"[array([138.44358826, -20.08714867,  -0.1715453 ]), array([ 7.34723434e-02, -8.09303436e+01,  9.72206518e-03])]"
1733925010855,0.0,[0. 0. 0.],[0. 0. 0.],False,6133.466796875,Veg_Tree_Cypress_Big9,[4355.21875    1565.55859375  656.81158447],342,342,40061,1.0,0.0,0.0,0.0,0.0,0.0,False,0.0,False,0.0,False,1.0,0.0,0.0,0.0,0.0,0.0,False,-1.0,0.0,0.0,False,0.0,False,1.0,0.0,0.0,0.0,0.0,0.0,False,-1.0,0.0,0.0,False,-0.00937500037252903,2.015625,22.056596256792545,22056,2193540,22.056596256792545,"[array([138.38258362, -20.75149918,  -0.16294448]), array([ 7.85813257e-02, -8.10152969e+01,  1.05217993e-02])]"
1733925010886,0.0,[0. 0. 0.],[0. 0. 0.],False,6149.0810546875,Veg_Tree_Cypress_Big9,[4355.95849609 1499.61523438  658.9085083 ],343,343,40070,1.0,0.0,0.0,0.0,0.0,0.0,False,0.0,False,0.0,False,1.0,0.0,0.0,0.0,0.0,0.0,False,-1.0,0.0,0.0,False,0.0,False,1.0,0.0,0.0,0.0,0.0,0.0,False,-1.0,0.0,0.0,False,-0.00937500037252903,2.015625,22.106596257537603,22106,2193615,22.106596257537603,"[array([138.30015564, -21.45896912,  -0.15748265]), array([ 8.21876600e-02, -8.11141739e+01,  1.14811594e-02])]"
1733925010908,0.003508772002533078,[0. 0. 0.],[0. 0. 0.],False,6093.70751953125,Veg_Tree_Cypress_Big9,[4346.37695312 1501.77001953  654.54724121],344,344,40072,1.0,0.0,0.0,0.0,0.0,0.0,False,0.0,False,0.0,False,1.0,0.0,0.0,0.0,0.0,0.0,False,-1.0,0.0,0.0,False,0.0,False,1.0,0.0,0.0,0.0,0.0,0.0,False,-1.0,0.0,0.0,False,-0.00937500037252903,2.012500047683716,22.15659625828266,22156,2193632,22.15659625828266,"[array([138.21569824, -22.1875248 ,  -0.1545248 ]), array([ 8.43869820e-02, -8.12151642e+01,  1.23144407e-02])]"
1733925010940,0.0,[0. 0. 0.],[0. 0. 0.],False,6036.060546875,Veg_Tree_Cypress_Big9,[4335.36621094 1504.15917969  649.81921387],345,345,40076,1.0,0.0,0.0,0.0,0.0,0.0,False,0.0,False,0.0,False,1.0,0.0,0.0,0.0,0.0,0.0,False,-1.0,0.0,0.0,False,0.0,False,1.0,0.0,0.0,0.0,0.0,0.0,False,-1.0,0.0,0.0,False,-0.00937500037252903,2.012500047683716,22.20659625902772,22206,2193665,22.20659625902772,"[array([138.12435913, -22.94185066,  -0.15355521]), array([ 8.55344534e-02, -8.13210907e+01,  1.31232254e-02])]"
1733925010974,0.0,[0. 0. 0.],[0. 0. 0.],False,5976.5,Veg_Tree_Cypress_Big9,[4324.22460938 1506.67675781  644.77008057],346,346,40080,1.0,0.0,0.0,0.0,0.0,0.0,False,0.0,False,0.0,False,1.0,0.0,0.0,0.0,0.0,0.0,False,-1.0,0.0,0.0,False,0.0,False,1.0,0.0,0.0,0.0,0.0,0.0,False,-1.0,0.0,0.0,False,-0.007499993313103914,2.015625,22.256596259772778,22256,2193699,22.256596259772778,"[array([138.04324341, -23.70315933,  -0.15264016]), array([ 8.59989077e-02, -8.14217377e+01,  1.31098116e-02])]"
1733925011010,0.0,[0. 0. 0.],[0. 0. 0.],False,5915.0380859375,Veg_Tree_Cypress_Big9,[4312.67041016 1509.31542969  639.44116211],347,347,40084,1.0,0.0,0.0,0.0,0.0,0.0,False,0.0,False,0.0,False,1.0,0.0,0.0,0.0,0.0,0.0,False,-1.0,0.0,0.0,False,0.0,False,1.0,0.0,0.0,0.0,0.0,0.0,False,-1.0,0.0,0.0,False,-0.00937500037252903,2.012500047683716,22.306596260517836,22306,2193732,22.306596260517836,"[array([137.95788574, -24.4866848 ,  -0.15402664]), array([ 8.60467181e-02, -8.15256271e+01,  1.40651464e-02])]"
1733925011044,0.0,[0. 0. 0.],[0. 0. 0.],False,5846.78369140625,Veg_Tree_Cypress_Big9,[4301.01318359 1517.08007812  633.43768311],348,348,40089,1.0,0.0,0.0,0.0,0.0,0.0,False,0.0,False,0.0,False,1.0,0.0,0.0,0.0,0.0,0.0,False,-1.0,0.0,0.0,False,0.0,False,1.0,0.0,0.0,0.0,0.0,0.0,False,-1.0,0.0,0.0,False,-0.00937500037252903,2.015625,22.356596261262894,22356,2193774,22.356596261262894,"[array([137.86192322, -25.29875374,  -0.15607317]), array([ 8.58418122e-02, -8.16363754e+01,  1.51504297e-02])]"
1733925011078,0.0,[0. 0. 0.],[0. 0. 0.],False,5767.57275390625,Veg_Tree_Cypress_Big9,[4287.80517578 1533.97558594  626.41998291],349,349,40093,1.0,0.0,0.0,0.0,0.0,0.0,False,0.0,False,0.0,False,1.0,0.0,0.0,0.0,0.0,0.0,False,-1.0,0.0,0.0,False,0.0,False,1.0,0.0,0.0,0.0,0.0,0.0,False,-1.0,0.0,0.0,False,-0.00937500037252903,2.015625,22.40659626200795,22406,2193807,22.40659626200795,"[array([137.75901794, -26.13521957,  -0.15816647]), array([ 8.55344534e-02, -8.17517471e+01,  1.61205847e-02])]"
1733925011114,0.0,[0. 0. 0.],[0. 0. 0.],False,5685.8955078125,Veg_Tree_Cypress_Big9,[4273.98339844 1551.60986328  619.16027832],350,350,40097,1.0,0.0,0.0,0.0,0.0,0.0,False,0.0,False,0.0,False,1.0,0.0,0.0,0.0,0.0,0.0,False,-1.0,0.0,0.0,False,0.0,False,1.0,0.0,0.0,0.0,0.0,0.0,False,-1.0,0.0,0.0,False,-0.00937500037252903,2.012500047683716,22.45659626275301,22456,2193840,22.45659626275301,"[array([137.65084839, -26.99393082,  -0.16030477]), array([ 8.51587951e-02, -8.18706741e+01,  1.70427654e-02])]"
1733925011146,0.0,[0. 0. 0.],[0. 0. 0.],False,5677.26220703125,Veg_Tree_Cypress_Big9,[4270.6953125  1495.61914062  618.36450195],351,351,40101,1.0,0.0,0.0,0.0,0.0,0.0,False,0.0,False,0.0,False,1.0,0.0,0.0,0.0,0.0,0.0,False,-1.0,0.0,0.0,False,0.0,False,1.0,0.0,0.0,0.0,0.0,0.0,False,-1.0,0.0,0.0,False,-0.00937500037252903,2.015625,22.506596263498068,22506,2193873,22.506596263498068,"[array([137.53807068, -27.87399292,  -0.16245858]), array([ 8.47763047e-02, -8.19926682e+01,  1.79577917e-02])]"
1733925011185,0.0,[0. 0. 0.],[0. 0. 0.],False,5598.48291015625,Veg_Tree_Cypress_Big9,[4257.22167969 1507.12744141  611.34533691],352,352,40105,1.0,0.0,0.0,0.0,0.0,0.0,False,0.0,False,0.0,False,1.0,0.0,0.0,0.0,0.0,0.0,False,-1.0,0.0,0.0,False,0.0,False,1.0,0.0,0.0,0.0,0.0,0.0,False,-1.0,0.0,0.0,False,-0.00937500037252903,2.012500047683716,22.556596264243126,22556,2193907,22.556596264243126,"[array([137.42095947, -28.77489281,  -0.16459781]), array([ 8.43938142e-02, -8.21174850e+01,  1.88806560e-02])]"
1733925011218,0.0,[0. 0. 0.],[0. 0. 0.],False,5515.4609375,Veg_Tree_Cypress_Big9,[4243.28710938 1521.22363281  603.94934082],353,353,40109,1.0,0.0,0.0,0.0,0.0,0.0,False,0.0,False,0.0,False,1.0,0.0,0.0,0.0,0.0,0.0,False,-1.0,0.0,0.0,False,0.0,False,1.0,0.0,0.0,0.0,0.0,0.0,False,-1.0,0.0,0.0,False,-0.00937500037252903,2.015625,22.606596264988184,22606,2193940,22.606596264988184,"[array([137.29962158, -29.69624519,  -0.16671571]), array([ 8.40454698e-02, -8.22450027e+01,  1.98152382e-02])]"
1733925011250,0.0,[0. 0. 0.],[0. 0. 0.],False,5435.57373046875,Veg_Tree_Cypress_Big9,[4229.95898438 1530.64599609  596.83410645],354,354,40113,1.0,0.0,0.0,0.0,0.0,0.0,False,0.0,False,0.0,False,1.0,0.0,0.0,0.0,0.0,0.0,False,-1.0,0.0,0.0,False,0.0,False,1.0,0.0,0.0,0.0,0.0,0.0,False,-1.0,0.0,0.0,False,-0.00937500037252903,2.0062499046325684,22.656596265733242,22656,2193973,22.656596265733242,"[array([137.17414856, -30.63779259,  -0.16878285]), array([ 8.37244540e-02, -8.23750534e+01,  2.07597576e-02])]"
1733925011285,0.0,[0. 0. 0.],[0. 0. 0.],False,5351.943359375,Veg_Tree_Cypress_Big9,[4216.30322266 1542.18896484  589.39086914],355,355,40118,1.0,0.0,0.0,0.0,0.0,0.0,False,0.0,False,0.0,False,1.0,0.0,0.0,0.0,0.0,0.0,False,-1.0,0.0,0.0,False,0.0,False,1.0,0.0,0.0,0.0,0.0,0.0,False,-1.0,0.0,0.0,False,-0.00937500037252903,2.015625,22.7065962664783,22706,2194015,22.7065962664783,"[array([137.04438782, -31.59943199,  -0.17085248]), array([ 8.34102631e-02, -8.25076828e+01,  2.17142142e-02])]"
1733925011321,0.0,[0. 0. 0.],[0. 0. 0.],False,8489.130859375,SM_OfficeWin_10,[ 4633.42333984 -1626.95751953   867.35009766],356,356,40122,1.0,0.0,0.0,0.0,0.0,0.0,False,0.0,False,0.0,False,1.0,0.0,0.0,0.0,0.0,0.0,False,-1.0,0.0,0.0,False,0.0,False,1.0,0.0,0.0,0.0,0.0,0.0,False,-1.0,0.0,0.0,False,-0.00937500037252903,2.012500047683716,22.756596267223358,22756,2194048,22.756596267223358,"[array([136.91035461, -32.58102036,  -0.17288496]), array([ 8.31234008e-02, -8.26427917e+01,  2.26789024e-02])]"
1733925011356,0.0,[0. 0. 0.],[0. 0. 0.],False,8500.0087890625,SM_Mall02_452,[ 4625.24462891 -1712.84326172   868.26708984],357,357,40126,1.0,0.0,0.0,0.0,0.0,0.0,False,0.0,False,0.0,False,1.0,0.0,0.0,0.0,0.0,0.0,False,-1.0,0.0,0.0,False,0.0,False,1.0,0.0,0.0,0.0,0.0,0.0,False,-1.0,0.0,0.0,False,-0.00937500037252903,2.015625,22.806596267968416,22806,2194082,22.806596267968416,"[array([136.77189636, -33.58251953,  -0.17486769]), array([ 8.28638524e-02, -8.27803955e+01,  2.36541424e-02])]"
1733925011392,0.0,[0. 0. 0.],[0. 0. 0.],False,8422.2939453125,SM_Mall02_452,[ 4605.26269531 -1712.84326172   861.34075928],358,358,40130,1.0,0.0,0.0,0.0,0.0,0.0,False,0.0,False,0.0,False,1.0,0.0,0.0,0.0,0.0,0.0,False,-1.0,0.0,0.0,False,0.0,False,1.0,0.0,0.0,0.0,0.0,0.0,False,-1.0,0.0,0.0,False,-0.007499993313103914,0.015625,22.856596268713474,22856,2194115,22.856596268713474,"[array([136.70115662, -34.53034973,  -0.17120442]), array([ 8.21876600e-02, -8.28790970e+01,  2.04084273e-02])]"
1733925011424,0.003508772002533078,[0. 0. 0.],[0. 0. 0.],False,8154.91064453125,Veg_Tree_Cypress_Big10,[ 4561.29101562 -1527.00878906   837.61523438],359,359,40134,1.0,0.0,0.0,0.0,0.0,0.0,False,0.0,False,0.0,False,1.0,0.0,0.0,0.0,0.0,0.0,False,-1.0,0.0,0.0,False,0.0,False,1.0,0.0,0.0,0.0,0.0,0.0,False,-1.0,0.0,0.0,False,-0.00937500037252903,0.015625,22.906596269458532,22906,2194148,22.906596269458532,"[array([136.70700073, -35.41250992,  -0.17501876]), array([ 7.78231695e-02, -8.29337997e+01,  1.74231697e-02])]"
1733925011460,0.0,[0. 0. 0.],[0. 0. 0.],False,8079.91015625,Veg_Tree_Cypress_Big10,[ 4547.9609375  -1531.99365234   830.87493896],360,360,40139,1.0,0.0,0.0,0.0,0.0,0.0,False,0.0,False,0.0,False,1.0,0.0,0.0,0.0,0.0,0.0,False,-1.0,0.0,0.0,False,0.0,False,1.0,0.0,0.0,0.0,0.0,0.0,False,-1.0,0.0,0.0,False,-0.00937500037252903,0.012500000186264515,22.95659627020359,22956,2194190,22.95659627020359,"[array([136.75596619, -36.2553978 ,  -0.19401157]), array([ 6.63552806e-02, -8.29634857e+01,  1.54128531e-02])]"
1733925011498,0.0,[0. 0. 0.],[0. 0. 0.],False,7863.6650390625,Veg_Tree_Cypress_Big10,[ 4523.52783203 -1397.85351562   811.125     ],361,361,40143,1.0,0.0,0.0,0.0,0.0,0.0,False,0.0,False,0.0,False,1.0,0.0,0.0,0.0,0.0,0.0,False,-1.0,0.0,0.0,False,0.0,False,1.0,0.0,0.0,0.0,0.0,0.0,False,-1.0,0.0,0.0,False,-0.007499993313103914,0.012500000186264515,23.00659627094865,23006,2194223,23.00659627094865,"[array([136.82772827, -37.07193756,  -0.22447538]), array([ 4.91568670e-02, -8.29794846e+01,  1.36761786e-02])]"
1733925011530,0.0,[0. 0. 0.],[0. 0. 0.],False,7792.4912109375,Veg_Tree_Cypress_Big10,[ 4520.73486328 -1407.22216797   803.28198242],362,362,40147,1.0,0.0,0.0,0.0,0.0,0.0,False,0.0,False,0.0,False,1.0,0.0,0.0,0.0,0.0,0.0,False,-1.0,0.0,0.0,False,0.0,False,1.0,0.0,0.0,0.0,0.0,0.0,False,-1.0,0.0,0.0,False,-0.00937500037252903,0.0062500000931322575,23.056596271693707,23056,2194257,23.056596271693707,"[array([136.91059875, -37.86906052,  -0.25895834]), array([ 2.98889056e-02, -8.29883347e+01,  1.19608250e-02])]"
1733925011566,0.0,[0. 0. 0.],[0. 0. 0.],False,7715.505859375,Veg_Tree_Cypress_Big10,[ 4519.04736328 -1410.46972656   794.19067383],363,363,40151,1.0,0.0,0.0,0.0,0.0,0.0,False,0.0,False,0.0,False,1.0,0.0,0.0,0.0,0.0,0.0,False,-1.0,0.0,0.0,False,0.0,False,1.0,0.0,0.0,0.0,0.0,0.0,False,-1.0,0.0,0.0,False,-1.2074999809265137,0.015625,23.106596272438765,23106,2194290,23.106596272438765,"[array([136.51210022, -39.13742447,  -0.34216335]), array([ 1.08873211e-02, -8.32706757e+01,  4.22808938e-02])]"
1733925011600,0.0,[0. 0. 0.],[0. 0. 0.],False,7636.2099609375,Veg_Tree_Cypress_Big10,[ 4517.93359375 -1410.65917969   784.66943359],364,364,40156,1.0,0.0,0.0,0.0,0.0,0.0,False,0.0,False,0.0,False,1.0,0.0,0.0,0.0,0.0,0.0,False,-1.0,0.0,0.0,False,0.0,False,1.0,0.0,0.0,0.0,0.0,0.0,False,-1.0,0.0,0.0,False,-1.209375023841858,0.012500000186264515,23.156596273183823,23156,2194332,23.156596273183823,"[array([134.75271606, -41.71143341,  -0.48602682]), array([-7.82739650e-03, -8.43149109e+01,  1.12437956e-01])]"
1733925011639,0.0,[0. 0. 0.],[0. 0. 0.],False,7527.8369140625,Veg_Tree_Cypress_Big10,[ 4477.54785156 -1385.34082031   772.70141602],365,365,40160,1.0,0.0,0.0,0.0,0.0,0.0,False,0.0,False,0.0,False,1.0,0.0,0.0,0.0,0.0,0.0,False,-1.0,0.0,0.0,False,0.0,False,1.0,0.0,0.0,0.0,0.0,0.0,False,-1.0,0.0,0.0,False,-1.209375023841858,0.012500000186264515,23.20659627392888,23206,2194365,23.20659627392888,"[array([131.28160095, -45.75975418,  -0.65774322]), array([-2.63918489e-02, -8.62695160e+01,  2.00887397e-01])]"
1733925011675,0.0,[0. 0. 0.],[0. 0. 0.],False,4963.5322265625,AmericanLights_Town04_6_TrafficLight,[4092.90234375 1065.44189453  547.14099121],366,366,40164,1.0,0.0,0.0,0.0,0.0,0.0,False,0.0,False,0.0,False,1.0,0.0,0.0,0.0,0.0,0.0,False,-1.0,0.0,0.0,False,0.0,False,1.0,0.0,0.0,0.0,0.0,0.0,False,-1.0,0.0,0.0,False,-0.00937500037252903,0.012500000186264515,23.25659627467394,23256,2194398,23.25659627467394,"[array([126.74693298, -50.44862747,  -0.75912791]), array([-4.01546806e-02, -8.87146072e+01,  2.49619782e-01])]"
1733925011709,0.0,[0. 0. 0.],[0. 0. 0.],False,8777.5087890625,SM_Mall02_452,[ 4184.88916016 -2813.67724609   876.20690918],367,367,40168,1.0,0.0,0.0,0.0,0.0,0.0,False,0.0,False,0.0,False,1.0,0.0,0.0,0.0,0.0,0.0,False,-1.0,0.0,0.0,False,0.0,False,1.0,0.0,0.0,0.0,0.0,0.0,False,-1.0,0.0,0.0,False,-0.00937500037252903,0.012500000186264515,23.306596275418997,23306,2194432,23.306596275418997,"[array([123.42049408, -53.85987854,  -0.71088332]), array([-4.76269051e-02, -9.04526291e+01,  2.08856702e-01])]"
1733925011745,0.0,[0. 0. 0.],[0. 0. 0.],False,100000.0,None,[  6025.73046875 -93756.9375       8760.32324219],368,368,40173,1.0,0.0,0.0,0.0,0.0,0.0,False,0.0,False,0.0,False,1.0,0.0,0.0,0.0,0.0,0.0,False,-1.0,0.0,0.0,False,0.0,False,1.0,0.0,0.0,0.0,0.0,0.0,False,-1.0,0.0,0.0,False,-0.00937500037252903,0.0062500000931322575,23.356596276164055,23356,2194473,23.356596276164055,"[array([121.57426453, -55.98734283,  -0.66413248]), array([-5.30227572e-02, -9.13990326e+01,  1.71674356e-01])]"
1733925011781,0.0,[0. 0. 0.],[0. 0. 0.],False,100000.0,None,[  2999.18945312 -93856.6796875    8747.44238281],369,369,40177,1.0,0.0,0.0,0.0,0.0,0.0,False,0.0,False,0.0,False,1.0,0.0,0.0,0.0,0.0,0.0,False,-1.0,0.0,0.0,False,0.0,False,1.0,0.0,0.0,0.0,0.0,0.0,False,-1.0,0.0,0.0,False,-0.00937500037252903,0.0062500000931322575,23.406596276909113,23406,2194507,23.406596276909113,"[array([120.56687164, -57.42930603,  -0.64297956]), array([-5.68408296e-02, -9.19075546e+01,  1.53133914e-01])]"
1733925011813,0.0,[0. 0. 0.],[0. 0. 0.],False,100000.0,None,[  1348.79052734 -93903.7265625    8738.16992188],370,370,40181,1.0,0.0,0.0,0.0,0.0,0.0,False,0.0,False,0.0,False,1.0,0.0,0.0,0.0,0.0,0.0,False,-1.0,0.0,0.0,False,0.0,False,1.0,0.0,0.0,0.0,0.0,0.0,False,-1.0,0.0,0.0,False,-0.00937500037252903,0.015625,23.45659627765417,23456,2194540,23.45659627765417,"[array([120.01874542, -58.5022316 ,  -0.62809575]), array([-5.95114343e-02, -9.21785355e+01,  1.40097916e-01])]"
1733925011850,0.0,[0. 0. 0.],[0. 0. 0.],False,100000.0,None,[   461.85522461 -93949.           8731.61132812],371,371,40185,1.0,0.0,0.0,0.0,0.0,0.0,False,0.0,False,0.0,False,1.0,0.0,0.0,0.0,0.0,0.0,False,-1.0,0.0,0.0,False,0.0,False,1.0,0.0,0.0,0.0,0.0,0.0,False,-1.0,0.0,0.0,False,-0.00937500037252903,0.015625,23.50659627839923,23506,2194573,23.50659627839923,"[array([119.71827698, -59.37306595,  -0.61072201]), array([-6.13624156e-02, -9.23216858e+01,  1.26473248e-01])]"
1733925011885,0.0,[0. 0. 0.],[0. 0. 0.],False,100000.0,None,[-1.20424805e+01 -9.40008047e+04  8.72698828e+03],372,372,40190,1.0,0.0,0.0,0.0,0.0,0.0,False,0.0,False,0.0,False,1.0,0.0,0.0,0.0,0.0,0.0,False,-1.0,0.0,0.0,False,0.0,False,1.0,0.0,0.0,0.0,0.0,0.0,False,-1.0,0.0,0.0,False,-0.00937500037252903,0.012500000186264515,23.556596279144287,23556,2194615,23.556596279144287,"[array([119.54943848, -60.13079834,  -0.5896101 ]), array([-6.25440404e-02, -9.23967514e+01,  1.11254707e-01])]"
1733925011922,0.0,[0. 0. 0.],[0. 0. 0.],False,100000.0,None,[  -264.42260742 -94057.7890625    8723.80273438],373,373,40194,1.0,0.0,0.0,0.0,0.0,0.0,False,0.0,False,0.0,False,1.0,0.0,0.0,0.0,0.0,0.0,False,-1.0,0.0,0.0,False,0.0,False,1.0,0.0,0.0,0.0,0.0,0.0,False,-1.0,0.0,0.0,False,-0.007499993313103914,0.015625,23.606596279889345,23606,2194648,23.606596279889345,"[array([119.44963837, -60.82324982,  -0.56630462]), array([-6.31792471e-02, -9.24359741e+01,  9.52961370e-02])]"
1733925011954,0.0,[0. 0. 0.],[0. 0. 0.],False,100000.0,None,[  -399.10473633 -94117.546875     8721.77832031],374,374,40198,1.0,0.0,0.0,0.0,0.0,0.0,False,0.0,False,0.0,False,1.0,0.0,0.0,0.0,0.0,0.0,False,-1.0,0.0,0.0,False,0.0,False,1.0,0.0,0.0,0.0,0.0,0.0,False,-1.0,0.0,0.0,False,-0.00937500037252903,0.015625,23.656596280634403,23656,2194682,23.656596280634403,"[array([119.38599396, -61.47542191,  -0.54277915]), array([-6.33909851e-02, -9.24563751e+01,  7.97305182e-02])]"
1733925011988,0.0,[0. 0. 0.],[0. 0. 0.],False,100000.0,None,[  -471.87939453 -94178.296875     8720.72949219],375,375,40202,1.0,0.0,0.0,0.0,0.0,0.0,False,0.0,False,0.0,False,1.0,0.0,0.0,0.0,0.0,0.0,False,-1.0,0.0,0.0,False,0.0,False,1.0,0.0,0.0,0.0,0.0,0.0,False,-1.0,0.0,0.0,False,-0.007499993313103914,0.012500000186264515,23.70659628137946,23706,2194715,23.70659628137946,"[array([119.34101105, -62.10083771,  -0.52058935]), array([-6.32817000e-02, -9.24670792e+01,  6.54187649e-02])]"
1733925012026,0.0,[0. 0. 0.],[0. 0. 0.],False,100000.0,None,[  -512.03662109 -94239.015625     8720.40234375],376,376,40206,1.0,0.0,0.0,0.0,0.0,0.0,False,0.0,False,0.0,False,1.0,0.0,0.0,0.0,0.0,0.0,False,-1.0,0.0,0.0,False,0.0,False,1.0,0.0,0.0,0.0,0.0,0.0,False,-1.0,0.0,0.0,False,-0.00937500037252903,0.0062500000931322575,23.75659628212452,23756,2194748,23.75659628212452,"[array([119.30651855, -62.7061615 ,  -0.50052619]), array([-6.29128665e-02, -9.24724197e+01,  5.28382175e-02])]"
1733925012060,0.0,[0. 0. 0.],[0. 0. 0.],False,100000.0,None,[  -535.16357422 -94299.109375     8720.62402344],377,377,40211,1.0,0.0,0.0,0.0,0.0,0.0,False,0.0,False,0.0,False,1.0,0.0,0.0,0.0,0.0,0.0,False,-1.0,0.0,0.0,False,0.0,False,1.0,0.0,0.0,0.0,0.0,0.0,False,-1.0,0.0,0.0,False,-0.00937500037252903,0.012500000186264515,23.806596282869577,23806,2194790,23.806596282869577,"[array([119.27570343, -63.29669189,  -0.4830007 ]), array([-6.23459630e-02, -9.24759216e+01,  4.21418250e-02])]"
1733925012096,0.0,[0. 0. 0.],[0. 0. 0.],False,100000.0,None,[  -548.74926758 -94358.3359375    8721.296875  ],378,378,40215,1.0,0.0,0.0,0.0,0.0,0.0,False,0.0,False,0.0,False,1.0,0.0,0.0,0.0,0.0,0.0,False,-1.0,0.0,0.0,False,0.0,False,1.0,0.0,0.0,0.0,0.0,0.0,False,-1.0,0.0,0.0,False,-0.00937500037252903,0.012500000186264515,23.856596283614635,23856,2194823,23.856596283614635,"[array([119.25467682, -63.86839676,  -0.46796203]), array([-6.15878105e-02, -9.24746399e+01,  3.32965851e-02])]"
1733925012134,0.0,[0. 0. 0.],[0. 0. 0.],False,100000.0,None,[  -558.89672852 -94416.46875      8722.30078125],379,379,40219,1.0,0.0,0.0,0.0,0.0,0.0,False,0.0,False,0.0,False,1.0,0.0,0.0,0.0,0.0,0.0,False,-1.0,0.0,0.0,False,0.0,False,1.0,0.0,0.0,0.0,0.0,0.0,False,-1.0,0.0,0.0,False,-0.00937500037252903,0.015625,23.906596284359694,23906,2194857,23.906596284359694,"[array([119.2154007 , -64.44219208,  -0.4549666 ]), array([-6.06315844e-02, -9.24826736e+01,  2.60514244e-02])]"
1733925012168,0.0,[0. 0. 0.],[0. 0. 0.],False,6208.6884765625,AmericanLights_Town04_7_TrafficLight,[ 3328.859375   -1111.57324219   649.71777344],380,380,40224,1.0,0.0,0.0,0.0,0.0,0.0,False,0.0,False,0.0,False,1.0,0.0,0.0,0.0,0.0,0.0,False,-1.0,0.0,0.0,False,0.0,False,1.0,0.0,0.0,0.0,0.0,0.0,False,-1.0,0.0,0.0,False,-0.00937500037252903,0.012500000186264515,23.95659628510475,23956,2194898,23.95659628510475,"[array([119.21411896, -64.97728729,  -0.44411707]), array([-5.95387556e-02, -9.24718094e+01,  2.03583017e-02])]"
1733925012205,0.0,[0. 0. 0.],[0. 0. 0.],False,6148.658203125,AmericanLights_Town04_7_TrafficLight,[ 3328.08178711 -1107.97216797   644.6505127 ],381,381,40228,1.0,0.0,0.0,0.0,0.0,0.0,False,0.0,False,0.0,False,1.0,0.0,0.0,0.0,0.0,0.0,False,-1.0,0.0,0.0,False,0.0,False,1.0,0.0,0.0,0.0,0.0,0.0,False,-1.0,0.0,0.0,False,-0.00937500037252903,0.012500000186264515,24.00659628584981,24006,2194932,24.00659628584981,"[array([119.16123962, -65.53959656,  -0.43437591]), array([-5.81727177e-02, -9.24870605e+01,  1.57326329e-02])]"
1733925012242,0.0,[0. 0. 0.],[0. 0. 0.],False,6093.20751953125,AmericanLights_Town04_7_TrafficLight,[ 3329.17382812 -1107.89892578   639.98974609],382,382,40232,1.0,0.0,0.0,0.0,0.0,0.0,False,0.0,False,0.0,False,1.0,0.0,0.0,0.0,0.0,0.0,False,-1.0,0.0,0.0,False,0.0,False,1.0,0.0,0.0,0.0,0.0,0.0,False,-1.0,0.0,0.0,False,-0.00937500037252903,0.015625,24.056596286594868,24056,2194965,24.056596286594868,"[array([119.17411804, -66.0437088 ,  -0.42645457]), array([-5.68408296e-02, -9.24694824e+01,  1.22550083e-02])]"
1733925012279,0.003508772002533078,[0. 0. 0.],[0. 0. 0.],False,6041.6640625,AmericanLights_Town04_7_TrafficLight,[ 3327.41650391 -1110.51513672   635.69226074],383,383,40237,1.0,0.0,0.0,0.0,0.0,0.0,False,0.0,False,0.0,False,1.0,0.0,0.0,0.0,0.0,0.0,False,-1.0,0.0,0.0,False,0.0,False,1.0,0.0,0.0,0.0,0.0,0.0,False,-1.0,0.0,0.0,False,-0.00937500037252903,0.012500000186264515,24.106596287339926,24106,2195007,24.106596287339926,"[array([119.11649323, -66.58917999,  -0.41982323]), array([-5.56796975e-02, -9.24875488e+01,  9.38831363e-03])]"
1733925012314,0.0,[0. 0. 0.],[0. 0. 0.],False,100000.0,None,[  -563.74487305 -94691.53125      8731.95410156],384,384,40241,1.0,0.0,0.0,0.0,0.0,0.0,False,0.0,False,0.0,False,1.0,0.0,0.0,0.0,0.0,0.0,False,-1.0,0.0,0.0,False,0.0,False,1.0,0.0,0.0,0.0,0.0,0.0,False,-1.0,0.0,0.0,False,-0.00937500037252903,0.012500000186264515,24.156596288084984,24156,2195040,24.156596288084984,"[array([119.13331604, -67.07035065,  -0.41466323]), array([-5.46415113e-02, -9.24684219e+01,  7.32749188e-03])]"
1733925012351,0.0,[0. 0. 0.],[0. 0. 0.],False,100000.0,None,[  -597.72021484 -94741.9375       8733.95898438],385,385,40245,1.0,0.0,0.0,0.0,0.0,0.0,False,0.0,False,0.0,False,1.0,0.0,0.0,0.0,0.0,0.0,False,-1.0,0.0,0.0,False,0.0,False,1.0,0.0,0.0,0.0,0.0,0.0,False,-1.0,0.0,0.0,False,-0.00937500037252903,0.012500000186264515,24.206596288830042,24206,2195073,24.206596288830042,"[array([119.07293701, -67.59792328,  -0.41014534]), array([-5.37057742e-02, -9.24882736e+01,  5.57038840e-03])]"
1733925012385,0.0,[0. 0. 0.],[0. 0. 0.],False,100000.0,None,[  -566.93383789 -94794.046875     8735.7734375 ],386,386,40250,1.0,0.0,0.0,0.0,0.0,0.0,False,0.0,False,0.0,False,1.0,0.0,0.0,0.0,0.0,0.0,False,-1.0,0.0,0.0,False,0.0,False,1.0,0.0,0.0,0.0,0.0,0.0,False,-1.0,0.0,0.0,False,-0.00937500037252903,0.012500000186264515,24.2565962895751,24256,2195115,24.2565962895751,"[array([119.09397888, -68.05644989,  -0.4066838 ]), array([-5.28451689e-02, -9.24674606e+01,  4.38673049e-03])]"
1733925012422,0.0,[0. 0. 0.],[0. 0. 0.],False,100000.0,None,[  -603.76123047 -94842.3203125    8737.40039062],387,387,40254,1.0,0.0,0.0,0.0,0.0,0.0,False,0.0,False,0.0,False,1.0,0.0,0.0,0.0,0.0,0.0,False,-1.0,0.0,0.0,False,0.0,False,1.0,0.0,0.0,0.0,0.0,0.0,False,-1.0,0.0,0.0,False,-0.00937500037252903,0.015625,24.306596290320158,24306,2195148,24.306596290320158,"[array([119.03097534, -68.56666565,  -0.40343782]), array([-5.20255491e-02, -9.24890442e+01,  3.30526265e-03])]"
1733925012456,0.0,[0. 0. 0.],[0. 0. 0.],False,100000.0,None,[  -569.85083008 -94892.578125     8738.89453125],388,388,40258,1.0,0.0,0.0,0.0,0.0,0.0,False,0.0,False,0.0,False,1.0,0.0,0.0,0.0,0.0,0.0,False,-1.0,0.0,0.0,False,0.0,False,1.0,0.0,0.0,0.0,0.0,0.0,False,-1.0,0.0,0.0,False,-0.00937500037252903,0.00937500037252903,24.356596291065216,24356,2195182,24.356596291065216,"[array([119.05609131, -69.00322723,  -0.40090588]), array([-5.12332469e-02, -9.24665833e+01,  2.65096803e-03])]"
1733925012493,0.0,[0. 0. 0.],[0. 0. 0.],False,100000.0,None,[  -609.47924805 -94938.7578125    8740.33203125],389,389,40262,1.0,0.0,0.0,0.0,0.0,0.0,False,0.0,False,0.0,False,1.0,0.0,0.0,0.0,0.0,0.0,False,-1.0,0.0,0.0,False,0.0,False,1.0,0.0,0.0,0.0,0.0,0.0,False,-1.0,0.0,0.0,False,-0.00937500037252903,0.012500000186264515,24.406596291810274,24406,2195215,24.406596291810274,"[array([118.99059296, -69.49656677,  -0.39833713]), array([-5.04409447e-02, -9.24898300e+01,  1.97282480e-03])]"
1733925012528,0.0,[0. 0. 0.],[0. 0. 0.],False,100000.0,None,[  -572.53662109 -94987.1875       8741.70898438],390,390,40267,1.0,0.0,0.0,0.0,0.0,0.0,False,0.0,False,0.0,False,1.0,0.0,0.0,0.0,0.0,0.0,False,-1.0,0.0,0.0,False,0.0,False,1.0,0.0,0.0,0.0,0.0,0.0,False,-1.0,0.0,0.0,False,-0.00937500037252903,0.015625,24.456596292555332,24456,2195257,24.456596292555332,"[array([119.01974487, -69.91178894,  -0.39634657]), array([-4.96759638e-02, -9.24657593e+01,  1.63312280e-03])]"
1733925012566,0.0,[0. 0. 0.],[0. 0. 0.],False,100000.0,None,[  -614.92675781 -95031.3203125    8743.09765625],391,391,40271,1.0,0.0,0.0,0.0,0.0,0.0,False,0.0,False,0.0,False,1.0,0.0,0.0,0.0,0.0,0.0,False,-1.0,0.0,0.0,False,0.0,False,1.0,0.0,0.0,0.0,0.0,0.0,False,-1.0,0.0,0.0,False,-0.00937500037252903,0.0062500000931322575,24.50659629330039,24506,2195290,24.50659629330039,"[array([118.95191193, -70.38871002,  -0.39419723]), array([-4.89178114e-02, -9.24905548e+01,  1.18996738e-03])]"
1733925012604,0.0,[0. 0. 0.],[0. 0. 0.],False,100000.0,None,[  -575.04394531 -95077.984375     8744.41503906],392,392,40276,1.0,0.0,0.0,0.0,0.0,0.0,False,0.0,False,0.0,False,1.0,0.0,0.0,0.0,0.0,0.0,False,-1.0,0.0,0.0,False,0.0,False,1.0,0.0,0.0,0.0,0.0,0.0,False,-1.0,0.0,0.0,False,0.0,0.012500000186264515,24.55659629404545,24556,2195332,24.55659629404545,"[array([118.98482513, -70.78337097,  -0.39249033]), array([-4.81528305e-02, -9.24649506e+01,  1.03521429e-03])]"
1733925012639,0.0,[0. 0. 0.],[0. 0. 0.],False,100000.0,None,[  -620.02050781 -95120.1484375    8745.74414062],393,393,40280,1.0,0.0,0.0,0.0,0.0,0.0,False,0.0,False,0.0,False,1.0,0.0,0.0,0.0,0.0,0.0,False,-1.0,0.0,0.0,False,0.0,False,1.0,0.0,0.0,0.0,0.0,0.0,False,-1.0,0.0,0.0,False,-0.00937500037252903,0.015625,24.606596294790506,24606,2195365,24.606596294790506,"[array([118.91477203, -71.24437714,  -0.39055511]), array([-4.73946817e-02, -9.24912643e+01,  7.31714244e-04])]"
1733925012676,0.0,[0. 0. 0.],[0. 0. 0.],False,100000.0,None,[  -577.40649414 -95165.0703125    8747.07324219],394,394,40284,1.0,0.0,0.0,0.0,0.0,0.0,False,0.0,False,0.0,False,1.0,0.0,0.0,0.0,0.0,0.0,False,-1.0,0.0,0.0,False,0.0,False,1.0,0.0,0.0,0.0,0.0,0.0,False,-1.0,0.0,0.0,False,-0.00937500037252903,0.012500000186264515,24.656596295535564,24656,2195398,24.656596295535564,"[array([118.95134735, -71.61907196,  -0.38907555]), array([-4.66638505e-02, -9.24642105e+01,  6.86927815e-04])]"
1733925012712,0.003508772002533078,[0. 0. 0.],[0. 0. 0.],False,100000.0,None,[  -624.8828125  -95205.3203125    8748.39160156],395,395,40289,1.0,0.0,0.0,0.0,0.0,0.0,False,0.0,False,0.0,False,1.0,0.0,0.0,0.0,0.0,0.0,False,-1.0,0.0,0.0,False,0.0,False,1.0,0.0,0.0,0.0,0.0,0.0,False,-1.0,0.0,0.0,False,-0.00937500037252903,0.012500000186264515,24.706596296280622,24706,2195440,24.706596296280622,"[array([118.87927246, -72.06455994,  -0.38738063]), array([-4.59603406e-02, -9.24919052e+01,  4.63332428e-04])]"
1733925012748,0.0,[0. 0. 0.],[0. 0. 0.],False,100000.0,None,[  -579.64160156 -95248.578125     8749.66015625],396,396,40293,1.0,0.0,0.0,0.0,0.0,0.0,False,0.0,False,0.0,False,1.0,0.0,0.0,0.0,0.0,0.0,False,-1.0,0.0,0.0,False,0.0,False,1.0,0.0,0.0,0.0,0.0,0.0,False,-1.0,0.0,0.0,False,-0.00937500037252903,0.012500000186264515,24.75659629702568,24756,2195473,24.75659629702568,"[array([118.91920471, -72.4200592 ,  -0.38605484]), array([-4.52500023e-02, -9.24635239e+01,  4.80427901e-04])]"
1733925012783,0.0,[0. 0. 0.],[0. 0. 0.],False,100000.0,None,[  -629.44873047 -95286.9765625    8750.88378906],397,397,40298,1.0,0.0,0.0,0.0,0.0,0.0,False,0.0,False,0.0,False,1.0,0.0,0.0,0.0,0.0,0.0,False,-1.0,0.0,0.0,False,0.0,False,1.0,0.0,0.0,0.0,0.0,0.0,False,-1.0,0.0,0.0,False,-0.00937500037252903,0.015625,24.80659629777074,24806,2195515,24.80659629777074,"[array([118.84521484, -72.85041809,  -0.38443691]), array([-4.45533209e-02, -9.24925308e+01,  3.07198527e-04])]"
1733925012821,0.0,[0. 0. 0.],[0. 0. 0.],False,100000.0,None,[  -581.82104492 -95328.609375     8752.09472656],398,398,40302,1.0,0.0,0.0,0.0,0.0,0.0,False,0.0,False,0.0,False,1.0,0.0,0.0,0.0,0.0,0.0,False,-1.0,0.0,0.0,False,0.0,False,1.0,0.0,0.0,0.0,0.0,0.0,False,-1.0,0.0,0.0,False,-0.00937500037252903,0.015625,24.856596298515797,24856,2195548,24.856596298515797,"[array([118.88835907, -73.18733978,  -0.38322639]), array([-4.38771322e-02, -9.24629059e+01,  3.60951235e-04])]"
1733925012855,0.003508772002533078,[0. 0. 0.],[0. 0. 0.],False,100000.0,None,[  -633.83520508 -95365.2109375    8753.31542969],399,399,40306,1.0,0.0,0.0,0.0,0.0,0.0,False,0.0,False,0.0,False,1.0,0.0,0.0,0.0,0.0,0.0,False,-1.0,0.0,0.0,False,0.0,False,1.0,0.0,0.0,0.0,0.0,0.0,False,-1.0,0.0,0.0,False,-0.00937500037252903,0.012500000186264515,24.906596299260855,24906,2195581,24.906596299260855,"[array([118.81264496, -73.60297394,  -0.38171008]), array([-4.32077758e-02, -9.24931183e+01,  2.15577893e-04])]"
1733925012892,0.0,[0. 0. 0.],[0. 0. 0.],False,100000.0,None,[  -583.95458984 -95405.265625     8754.48046875],400,400,40310,1.0,0.0,0.0,0.0,0.0,0.0,False,0.0,False,0.0,False,1.0,0.0,0.0,0.0,0.0,0.0,False,-1.0,0.0,0.0,False,0.0,False,1.0,0.0,0.0,0.0,0.0,0.0,False,-1.0,0.0,0.0,False,-0.00937500037252903,0.015625,24.956596300005913,24956,2195615,24.956596300005913,"[array([118.85876465, -73.92195129,  -0.38058615]), array([-4.25725654e-02, -9.24623260e+01,  2.87648407e-04])]"
1733925012928,0.0,[0. 0. 0.],[0. 0. 0.],False,100000.0,None,[  -638.00073242 -95440.1328125    8755.65527344],401,401,40315,1.0,0.0,0.0,0.0,0.0,0.0,False,0.0,False,0.0,False,1.0,0.0,0.0,0.0,0.0,0.0,False,-1.0,0.0,0.0,False,0.0,False,1.0,0.0,0.0,0.0,0.0,0.0,False,-1.0,0.0,0.0,False,-0.00937500037252903,0.012500000186264515,25.00659630075097,25006,2195656,25.00659630075097,"[array([118.78149414, -74.32323456,  -0.3791585 ]), array([-4.19305302e-02, -9.24936752e+01,  1.61648393e-04])]"
1733925012964,0.0,[0. 0. 0.],[0. 0. 0.],False,100000.0,None,[  -586.01074219 -95478.640625     8756.77050781],402,402,40319,1.0,0.0,0.0,0.0,0.0,0.0,False,0.0,False,0.0,False,1.0,0.0,0.0,0.0,0.0,0.0,False,-1.0,0.0,0.0,False,0.0,False,1.0,0.0,0.0,0.0,0.0,0.0,False,-1.0,0.0,0.0,False,-0.00937500037252903,0.012500000186264515,25.05659630149603,25056,2195690,25.05659630149603,"[array([118.83044434, -74.62485504,  -0.37805152]), array([-4.12884913e-02, -9.24617844e+01,  2.44812953e-04])]"
1733925013001,0.0,[0. 0. 0.],[0. 0. 0.],False,100000.0,None,[  -641.96069336 -95511.8359375    8757.88769531],403,403,40323,1.0,0.0,0.0,0.0,0.0,0.0,False,0.0,False,0.0,False,1.0,0.0,0.0,0.0,0.0,0.0,False,-1.0,0.0,0.0,False,0.0,False,1.0,0.0,0.0,0.0,0.0,0.0,False,-1.0,0.0,0.0,False,-0.00937500037252903,0.0062500000931322575,25.106596302241087,25106,2195723,25.106596302241087,"[array([118.75171661, -75.01211548,  -0.3767004 ]), array([-4.06806059e-02, -9.24941940e+01,  1.30390603e-04])]"
1733925013034,0.0,[0. 0. 0.],[0. 0. 0.],False,100000.0,None,[  -588.01049805 -95548.8515625    8758.99121094],404,404,40328,1.0,0.0,0.0,0.0,0.0,0.0,False,0.0,False,0.0,False,1.0,0.0,0.0,0.0,0.0,0.0,False,-1.0,0.0,0.0,False,0.0,False,1.0,0.0,0.0,0.0,0.0,0.0,False,-1.0,0.0,0.0,False,-0.00937500037252903,0.015625,25.156596302986145,25156,2195765,25.156596302986145,"[array([118.80332947, -75.29698181,  -0.37566066]), array([-4.00727168e-02, -9.24612885e+01,  2.18996312e-04])]"
1733925013072,0.0,[0. 0. 0.],[0. 0. 0.],False,100000.0,None,[  -645.73046875 -95580.421875     8760.06054688],405,405,40332,1.0,0.0,0.0,0.0,0.0,0.0,False,0.0,False,0.0,False,1.0,0.0,0.0,0.0,0.0,0.0,False,-1.0,0.0,0.0,False,0.0,False,1.0,0.0,0.0,0.0,0.0,0.0,False,-1.0,0.0,0.0,False,-0.00937500037252903,0.0062500000931322575,25.206596303731203,25206,2195798,25.206596303731203,"[array([118.72322083, -75.67063904,  -0.3743228 ]), array([-3.94579992e-02, -9.24946899e+01,  1.13321796e-04])]"
1733925013319,0.0,[0. 0. 0.],[0. 0. 0.],False,100000.0,None,[  -589.95947266 -95615.9921875    8761.11523438],406,406,40362,1.0,0.0,0.0,0.0,0.0,0.0,False,0.0,False,0.0,False,1.0,0.0,0.0,0.0,0.0,0.0,False,-1.0,0.0,0.0,False,0.0,False,1.0,0.0,0.0,0.0,0.0,0.0,False,-1.0,0.0,0.0,False,-0.00937500037252903,0.0062500000931322575,25.25659630447626,25256,2196048,25.25659630447626,"[array([118.77729034, -75.93930817,  -0.37328351]), array([-3.88501137e-02, -9.24608688e+01,  2.02279363e-04])]"
1733925013337,0.0,[0. 0. 0.],[0. 0. 0.],False,100000.0,None,[  -649.34936523 -95645.984375     8762.18359375],407,407,40364,1.0,0.0,0.0,0.0,0.0,0.0,False,0.0,False,0.0,False,1.0,0.0,0.0,0.0,0.0,0.0,False,-1.0,0.0,0.0,False,0.0,False,1.0,0.0,0.0,0.0,0.0,0.0,False,-1.0,0.0,0.0,False,-0.00937500037252903,0.015625,25.30659630522132,25306,2196065,25.30659630522132,"[array([118.69606018, -76.29961395,  -0.37201443]), array([-3.82695496e-02, -9.24951477e+01,  1.03009814e-04])]"
1733925013371,0.0,[0. 0. 0.],[0. 0. 0.],False,100000.0,None,[  -591.91479492 -95680.1328125    8763.2421875 ],408,408,40368,1.0,0.0,0.0,0.0,0.0,0.0,False,0.0,False,0.0,False,1.0,0.0,0.0,0.0,0.0,0.0,False,-1.0,0.0,0.0,False,0.0,False,1.0,0.0,0.0,0.0,0.0,0.0,False,-1.0,0.0,0.0,False,-0.00937500037252903,0.012500000186264515,25.338359005749226,25338,2196098,25.338359005749226,"[array([118.68865204, -76.49304199,  -0.37072486]), array([-3.75660397e-02, -9.24947968e+01,  1.43757497e-04])]"
